{
    "scheduledAppointments" : {
        "chart": {
            "baseFontSize":"12",
            "baseFont":"ROBOTO",
            "legendItemFont":"roboto",
            "paletteColors": "#BCF0FC,#B3FE99,#F6E0B0",
            "showPlotBorder": true,
            "plotFillAngle": "90",
            "usePlotGradientColor": "1",
            "plotGradientColor": "#ffffff",
            "drawFullAreaBorder": false,
            "drawAnchors": true,
            "anchorRadius": "4",
            "anchorHoverRadius": "12",
            "labelFontItalic": true,
            "theme": "fusion",
            "adjustDiv": "1",
            "numVDivLines": "5",
            "legendPosition": "top-center",
            "legendBorderColor": "#cccccc",    
            "legendIconBorderColor": "#555",
            "legendBorderAlpha": "80",
            "legendBorderThickness": "1",
            "drawCrossLine": "0",
            "rotateLabels": "1",
            "chartRightPadding": "20",
            "slantLabels": "1",
            "divLineColor": "#ffffff",
            "plotToolText":"<div id=\"divTable\"><table id=\"dataTable\" width=\"210px\"/><tr class=\"hdr\"><td  colspan=\"2\">$label</td><td>10.45AM</td></tr><tr><td><span class=\"lable\">Served By</span><div class=\"hdr\">Doctor1</div></td></tr><tr><td><span class=\"lable\">Service-Time</span><div class=\"hdr\">2.5 hrs</div></td><td><span class=\"lable\">End-Time</span><div class=\"hdr\">11:00 hrs</div></td><td><span class=\"lable\">Wait-Time</span><div class=\"hdr\">11:00 hrs</div></td></tr></table></div>"
          },
        "categories": [
            {
              "category": [
                {
                  "label": "Cardiology"
                },
                {
                  "label": "Pediatrics"
                },
                {
                  "label": "ENT"
                },
                {
                  "label": "Gynacology"
                },
                {
                  "label": "Nutrition"
                },
                {
                  "label": "Oncology"
                },
                {
                  "label": "Dental"
                },
                {
                  "label": "Pathology"
                },
                {
                  "label": "Orthopedic"
                }
              ]
            }
          ],
          "dataset": [
            {
              "seriesname": "Patients Checked In",
              "plotBorderColor": "#45D3F5",
              "anchorBgColor": "#45D3F5",
              "anchorBorderColor": "#45D3F5",
        
              "data": [
                {
                  "value": "4"
                },
                {
                  "value": "6"
                },
                {
                  "value": "6"
                },
                {
                  "value": "5"
                },
                {
                  "value": "7"
                },
                {
                  "value": "8"
                },
                {
                  "value": "7"
                },
                {
                  "value": "10"
                },
                {
                  "value": "8"
                }
              ]
            },
            {
              "seriesname": "Attended",
              "anchorBgColor": "#7AF171",
              "anchorBorderColor": "#7AF171",
              "plotBorderColor": "#7AF171",
        
              "data": [
                {
                  "value": "3"
                },
                {
                  "value": "4"
                },
                {
                  "value": "3"
                },
                {
                  "value": "7"
                },
                {
                  "value": "5"
                },
                {
                  "value": "9"
                },
                {
                  "value": "10"
                },
                {
                  "value": "6"
                },
                {
                  "value": "10"
                }
              ]
            },
            {
              "seriesname": "Served",
              "anchorBgColor": "#F6E0B0",
              "anchorBorderColor": "#F6E0B0",
              "plotBorderColor": "#F9D481",
        
              "data": [
                {
                  "value": "2"
                },
                {
                  "value": "3"
                },
                {
                  "value": "2"
                },
                {
                  "value": "3"
                },
                {
                  "value": "4"
                },
                {
                  "value": "4"
                },
                {
                  "value": "6"
                },
                {
                  "value": "8"
                },
                {
                  "value": "5"
                }
              ]
            }
          ]
    },
    "heatMapData":{
        "chart": {
            "showlegend": "1",
            "nodelabelposition": "outside",
            "theme": "fusion",
            "baseFont":"ROBOTO",
            "legendItemFont":"roboto",
            "baseFontSize":"12"
        
          },
          "links": [
            { "from": "Neurosurgery", "to": "Neurosurgery", "value": 96 },
            { "from": "Neurosurgery", "to": "Lab", "value": 63 },
            { "from": "Neurosurgery", "to": "Reg desk", "value": 12 },
            { "from": "Neurosurgery", "to": "Vitals", "value": 11 },
            { "from": "Neurosurgery", "to": "Family Medicine", "value": 13 },
            { "from": "Neurosurgery", "to": "Urology", "value": 15 },
            { "from": "Neurosurgery", "to": "Cardiology", "value": 39 },
            { "from": "Neurosurgery", "to": "Neurology", "value": 41 },
            { "from": "Neurosurgery", "to": "Pediatrics", "value": 52 },
            { "from": "Neurosurgery", "to": "Medicine", "value": 27 },
            { "from": "Lab", "to": "Neurosurgery", "value": 54 },
            { "from": "Lab", "to": "Lab", "value": 38 },
            { "from": "Lab", "to": "Reg desk", "value": 21 },
            { "from": "Lab", "to": "Vitals", "value": 48 },
            { "from": "Lab", "to": "Family Medicine", "value": 67 },
            { "from": "Lab", "to": "Urology", "value": 24 },
            { "from": "Lab", "to": "Cardiology", "value": 32 },
            { "from": "Lab", "to": "Neurology", "value": 91 },
            { "from": "Lab", "to": "Pediatrics", "value": 15 },
            { "from": "Lab", "to": "Medicine", "value": 12 },
            { "from": "Reg desk", "to": "Lab", "value": 17 },
            { "from": "Reg desk", "to": "Reg desk", "value": 24 },
            { "from": "Reg desk", "to": "Vitals", "value": 37 },
            { "from": "Reg desk", "to": "Family Medicine", "value": 13 },
            { "from": "Reg desk", "to": "Urology", "value": 14 },
            { "from": "Reg desk", "to": "Cardiology", "value": 52 },
            { "from": "Reg desk", "to": "Neurology", "value": 67 },
            { "from": "Reg desk", "to": "Pediatrics", "value": 12 },
            { "from": "Reg desk", "to": "Medicine", "value": 16 },
            { "from": "Vitals", "to": "Neurosurgery", "value": 21 },
            { "from": "Vitals", "to": "Lab", "value": 17 },
            { "from": "Vitals", "to": "Reg desk", "value": 60 },
            { "from": "Vitals", "to": "Vitals", "value": 18 },
            { "from": "Vitals", "to": "Family Medicine", "value": 22 },
            { "from": "Vitals", "to": "Urology", "value": 54 },
            { "from": "Vitals", "to": "Cardiology", "value": 56 },
            { "from": "Vitals", "to": "Neurology", "value": 86 },
            { "from": "Vitals", "to": "Pediatrics", "value": 11 },
            { "from": "Vitals", "to": "Medicine", "value": 73 },
            { "from": "Family Medicine", "to": "Neurosurgery", "value": 16 },
            { "from": "Family Medicine", "to": "Lab", "value": 13 },
            { "from": "Family Medicine", "to": "Reg desk", "value": 44 },
            { "from": "Family Medicine", "to": "Vitals", "value": 67 },
            { "from": "Family Medicine", "to": "Family Medicine", "value": 92 },
            { "from": "Family Medicine", "to": "Urology", "value": 13 },
            { "from": "Family Medicine", "to": "Cardiology", "value": 38 },
            { "from": "Family Medicine", "to": "Neurology", "value": 31 },
            { "from": "Family Medicine", "to": "Pediatrics", "value": 39 },
            { "from": "Family Medicine", "to": "Medicine", "value": 94 },
            { "from": "Urology", "to": "Neurosurgery", "value": 15 },
            { "from": "Urology", "to": "Lab", "value": 63 },
            { "from": "Urology", "to": "Reg desk", "value": 13 },
            { "from": "Urology", "to": "Vitals", "value": 19 },
            { "from": "Urology", "to": "Family Medicine", "value": 49 },
            { "from": "Urology", "to": "Urology", "value": 13 },
            { "from": "Urology", "to": "Cardiology", "value": 73 },
            { "from": "Urology", "to": "Neurology", "value": 52 },
            { "from": "Urology", "to": "Pediatrics", "value": 34 },
            { "from": "Urology", "to": "Medicine", "value": 67 },
            { "from": "Cardiology", "to": "Neurosurgery", "value": 10 },
            { "from": "Cardiology", "to": "Lab", "value": 17 },
            { "from": "Cardiology", "to": "Reg desk", "value": 46 },
            { "from": "Cardiology", "to": "Vitals", "value": 65 },
            { "from": "Cardiology", "to": "Family Medicine", "value": 25 },
            { "from": "Cardiology", "to": "Urology", "value": 11 },
            { "from": "Cardiology", "to": "Cardiology", "value": 78 },
            { "from": "Cardiology", "to": "Neurology", "value": 14 },
            { "from": "Cardiology", "to": "Pediatrics", "value": 27 },
            { "from": "Cardiology", "to": "Medicine", "value": 35 },
            { "from": "Neurology", "to": "Neurosurgery", "value": 97 },
            { "from": "Neurology", "to": "Lab", "value": 25 },
            { "from": "Neurology", "to": "Reg desk", "value": 60 },
            { "from": "Neurology", "to": "Vitals", "value": 81 },
            { "from": "Neurology", "to": "Family Medicine", "value": 86 },
            { "from": "Neurology", "to": "Urology", "value": 59 },
            { "from": "Neurology", "to": "Cardiology", "value": 38 },
            { "from": "Neurology", "to": "Neurology", "value": 16 },
            { "from": "Radiology", "to": "Pediatrics", "value": 33 },
            { "from": "Neurology", "to": "Medicine", "value": 60 },
            { "from": "Pediatrics", "to": "Neurosurgery", "value": 27 },
            { "from": "Pediatrics", "to": "Lab", "value": 47 },
            { "from": "Pediatrics", "to": "Reg desk", "value": 17 },
            { "from": "Pediatrics", "to": "Vitals", "value": 51 },
            { "from": "Pediatrics", "to": "Family Medicine", "value": 11 },
            { "from": "Pediatrics", "to": "Urology", "value": 5 },
            { "from": "Pediatrics", "to": "Cardiology", "value": 56 },
            { "from": "Pediatrics", "to": "Neurology", "value": 11 },
            { "from": "Pediatrics", "to": "Pediatrics", "value": 19 },
            { "from": "Pediatrics", "to": "Medicine", "value": 17 },
            { "from": "Medicine", "to": "Neurosurgery", "value": 36 },
            { "from": "Medicine", "to": "Lab", "value": 22 },
            { "from": "Medicine", "to": "Reg desk", "value": 17 },
            { "from": "Medicine", "to": "Vitals", "value": 10 },
            { "from": "Medicine", "to": "Family Medicine", "value": 38 },
            { "from": "Medicine", "to": "Urology", "value": 36 },
            { "from": "Medicine", "to": "Cardiology", "value": 11 },
            { "from": "Medicine", "to": "Neurology", "value": 25 },
            { "from": "Medicine", "to": "Pediatrics", "value": 36 },
            { "from": "Medicine", "to": "Medicine", "value": 87 }
          ]
    },
    "patientsByDepartment":{
        "chart": {
            "baseFont":"ROBOTO",
            "legendItemFont":"roboto",
            "legendBorderColor": "#cccccc",
            "legendBorderAlpha": "80",
            "legendBorderThickness": "1",
            "baseFontSize":"12",
            "showValues": "1",
            "color": "#ffffff",
            "minPlotHeightForValue": "1",
            "theme": "fusion",
            "legendPosition": "top-right",
            "showYAxisValues": "0",
            "yAxisMaxValue": "50",
            "yAxisMinValue": "0",
            "drawCrossLine": "0"
        
          },
          "categories": [
            {
              "category": [
                { "label": "ENT" }, { "label": "PED" }, { "label": "GEN" }, { "label": "PH1" }, { "label": "DER" }
                , { "label": "CAR" }, { "label": "WD1" }, { "label": "ENT" }, { "label": "PED" }, { "label": "GEN" }, { "label": "PH1" }, { "label": "DER" }
                , { "label": "CAR" }, { "label": "WD1" }]
            }
          ],
          "dataset": [
            {
              "seriesname": "Appointments",
              "valueFontColor": "#ffffff",
              "color": "#A3A1FB",
              "data": [{ "value": "14" }, { "value": "14" }, { "value": "18" }, { "value": "16" }, { "value": "16" }, { "value": "18" }, { "value": "32" }
                , { "value": "20" }, { "value": "26" }, { "value": "18" }, { "value": "16" }, { "value": "16" }, { "value": "22" }, { "value": "32" }]
            },
            {
              "seriesname": "CheckIns",
              "valueFontColor": "#ffffff",
              "color": "#56D9FE",
              "data": [{ "value": "10" }, { "value": "14" }, { "value": "9" }, { "value": "" }, { "value": "8" }, { "value": "10" }, { "value": "" },
              { "value": "12" }, { "value": "14" }, { "value": "9" }, { "value": "" }, { "value": "8" }, { "value": "10" }, { "value": "" }]
            },
            {
              "seriesname": "No-Show",
              "valueFontColor": "#ffffff",
              "color": "#FF8373",
              "data": [{ "value": "" }, { "value": "" }, { "value": "" }, { "value": "" }, { "value": "" }, { "value": "4" }, { "value": "16" },
              { "value": "" }, { "value": "" }, { "value": "" }, { "value": "" }, { "value": "" }, { "value": "4" }, { "value": "16" }]
            },
            {
              "seriesname": "Early Arrival",
              "valueFontColor": "#ffffff",
              "color": "#036C3F",
              "data": [{ "value": "" }, { "value": "" }, { "value": "" }, { "value": "16" }, { "value": "" }, { "value": "" }, { "value": "" },
              { "value": "" }, { "value": "" }, { "value": "" }, { "value": "16" }, { "value": "" }, { "value": "" }, { "value": "" }]
            },
            {
              "seriesname": "Late Arrival",
              "valueFontColor": "#ffffff",
              "color": "#FFDA83",
              "data": [{ "value": "4" }, { "value": "" }, { "value": "" }, { "value": "" }, { "value": "" }, { "value": "4" }, { "value": "16" },
              { "value": "8" }, { "value": "12" }, { "value": "" }, { "value": "" }, { "value": "" }, { "value": "4" }, { "value": "16" }]
            }
          ]
    },
    "avgWaitTime":{
        "chart": {
            "baseFontSize":"12",
            "baseFont":"ROBOTO",
            "legendItemFont":"roboto",
            "legendBorderColor": "#cccccc",
            "legendBorderAlpha": "80",
            "legendBorderThickness": "1",
            "yaxisname": "Time",
            "showhovereffect": "1",
            "numbersuffix": "min",
            "drawCrossLine": "0",
            "plottooltext": "$seriesName <b>$dataValue</b>",
            "theme": "fusion",
            "rotateLabels": "1",
            "slantLabels": "1",
            "xaxisname": "Departments",
            "anchorHoverRadius": "8"
          },
          "categories": [
            {
              "category": [
                { "label": "Cardiology" }, { "label": "Gynaecology" }, { "label": "Haematology" }, { "label": "Nephrology" }, { "label": "Ophthalmology" },
                { "label": "CCU" }, { "label": "Endocrinology" }, { "label": "Neurology" }, { "label": "Orthopaedics" }, { "label": "Radiology" },
                { "label": "ICU" }, { "label": "Microbiology" }, { "label": "Nutrition " }, { "label": "Otolaryngology " }, { "label": "Urology" },
                { "label": "Pathology" }, { "label": "Pediatrics" }, { "label": "Cancer" }, { "label": "Dermatology" }, { "label": "Maternity" },
                { "label": "Ophthalmology" }, { "label": "Gastroenterology" }, { "label": "Obstetrics" }, { "label": "Dental" }, { "label": "Immunology" }
              ]
            }
          ],
          "dataset": [
            {
              "seriesname": "Avg Wait time",
              "anchorBgColor": "#5D62B5",
              "anchorBorderColor": "#5D62B5",
        
              "data": [
                { "value": "29" }, { "value": "32" }, { "value": "31" }, { "value": "32" }, { "value": "28" },
                { "value": "31" }, { "value": "32" }, { "value": "31" }, { "value": "27" }, { "value": "30" },
                { "value": "26" }, { "value": "31" }, { "value": "29" }, { "value": "29" }, { "value": "28" },
                { "value": "31" }, { "value": "32" }, { "value": "31" }, { "value": "27" }, { "value": "30" },
                { "value": "31" }, { "value": "30" }, { "value": "31" }, { "value": "27" }, { "value": "30" }
        
              ]
            },
            {
              "seriesname": "Avg Care time",
              "anchorBgColor": "#29C3BE",
              "anchorBorderColor": "#29C3BE",
              "data": [
                { "value": "25" }, { "value": "24" }, { "value": "25" }, { "value": "20" }, { "value": "21" },
                { "value": "22" }, { "value": "24" }, { "value": "24" }, { "value": "22" }, { "value": "25" },
                { "value": "23" }, { "value": "22" }, { "value": "23" }, { "value": "25" }, { "value": "24" },
                { "value": "22" }, { "value": "22" }, { "value": "24" }, { "value": "24" }, { "value": "23" },
                { "value": "22" }, { "value": "23" }, { "value": "24" }, { "value": "23" }, { "value": "21" }
        
              ]
            }
        
        
          ]
    },
    "tokenAlertData":{
        "chart": {
            "baseFontSize":"12",
            "legendBorderColor": "#cccccc",
            "legendBorderAlpha": "80",
            "legendBorderThickness": "1",
            "baseFont":"ROBOTO",
            "legendItemFont":"roboto",
            "theme": "fusion",
            "plotfillalpha": "60",
            "numdivlines": "4",
            "divLineColor": "#cccccc",
            "showlegend": "1",
            "showdivlinevalues": "0",
            "showlimits": "0",
            "radarBorderThickness": "1",
            "showPlotBorder": "1",
            "plotBorderThickness": "2",
            "legendNumColumns": "3",
            "plotFillAlpha": "30",
            "legendPosition":"top-right"
        
          },
          "categories": [
            {
              "category": [{ "label": "3215" }, { "label": "4213" }, { "label": "0412" }, { "label": "1236" }, { "label": "1452" }, { "label": "3256" }]
            }
          ],
          
          "dataset": [
            {
              "seriesname": "Orthopedics",
              "plottooltext": "<b>$label</b> <b>$datavaluemin</b>",
              "color": "#F26F86",
              "plotBorderColor": "#F26F86",
              "data": [{ "value": "30" }, { "value": "31" }, { "value": "32" }, { "value": "30" }, { "value": "35" }, { "value": "34" }]
        
            }
          ]
    },
    "topDept":{
        "chart": {
            "baseFontSize":"12",
            "baseFont":"ROBOTO",
            "outCanvasBaseFont":"ROBOTO",
            "legendItemFont":"roboto",
            "legendBorderColor": "#cccccc",
            "legendBorderAlpha": "80",
            "legendBorderThickness": "1",
            "showlegend": "1",
            "nodelabelposition": "inside",
            "defaultcenterlabel": "660 PATIENTS",
            "legendPosition": "top-center",
            "enableSmartLabels": "1",
            "showLabels": "1",
            "showValues": "1",
            "labelFont":"Roboto",
            "labelFontColor":"#555555",
            "theme": "fusion"
          },
          "data": [
            { "label": "Pediatrics", "value": "80" },
            { "label": "Gynacology", "value": "70" },
            { "label": "Cardiology", "value": "60" },
            { "label": "ENT", "value": "50" },
            { "label": "Orthopedic", "value":"45"}
          ]
    },
    "tokenStats":{
        "chart": {
            "baseFontSize":"12",
            "legendBorderColor": "#cccccc",
            "legendBorderAlpha": "80",
            "legendBorderThickness": "1",
            "showlegend": "0",
            "baseFont":"ROBOTO",
            "legendItemFont":"ROBOTO",
            "yaxismaxvalue": "2",
            "labelFontItalic": true,
            "showToolTip":"1",
            "theme": "fusion",
            "showLegend": "1",
            "legendPosition": "top-right"
          },
        
          "categories": [
            {
              "category": [
                {
                  "label": "Cardiology"
                },
                {
                  "label": "CCU"
                },
                {
                  "label": "ICU"
                },
                {
                  "label": "CICU"
                },
                {
                  "label": "Gastroenterology"
                },
                {
                  "label": "Gynaecology"
                },
                {
                  "label": "Haematology"
                },
                {
                  "label": "Microbiology"
                },
                {
                  "label": "Nephrology"
                },
                {
                  "label": "Neurology"
                },
                {
                  "label": "Nutrition"
                },
                {
                  "label": "Dietetics"
                },
                {
                  "label": "Ophthalmology"
                },
                {
                  "label": "Orthopaedics"
                },
                {
                  "label": "Radiology"
                }
              ]
            },
            {
              "category": [
                {
                  "label": "10"
                },
                {
                  "label": "20"
                },
                {
                  "label": "30"
                },
                {
                  "label": "40"
                },
                {
                  "label": "50"
                },
                {
                  "label": "60"
                },
                {
                  "label": "70"
                },
                {
                  "label": "80"
                },
                {
                  "label": "90"
                }
        
              ]
            }
          ],
          "dataset": [
            {
              "seriesname": "Tokens Issued",
              "color": "#5AD3FF",
              "data": [
                { "value": "2" }, { "value": "30" }, { "value": "8" }, { "value": "15" }, { "value": "40" }, { "value": "20" }, { "value": "18" },
                { "value": "3" }, { "value": "13" }, { "value": "56" }, { "value": "5" }, { "value": "15" }, { "value": "5" }, { "value": "45" },
                { "value": "5" }
              ]
            },
            {
              "seriesname": "Tokens being Served",
              "color": "#9375FD",
              "data": [
                { "value": "6" }, { "value": "23" }, { "value": "8" }, { "value": "25" }, { "value": "36" }, { "value": "10" }, { "value": "19" },
                { "value": "13" }, { "value": "32" }, { "value": "3" }, { "value": "26" }, { "value": "14" }, { "value": "21" }, { "value": "17" },
                { "value": "16" }
              ]
            },
            {
              "seriesname": "Tokens Pending",
              "color": "#FFE379",
              "data": [
                { "value": "3" }, { "value": "19" }, { "value": "33" },
                { "value": "5" }, { "value": "24" },
                { "value": "3" }, { "value": "16" },
                { "value": "9" }, { "value": "34" },
                { "value": "6" }, { "value": "15" },
                { "value": "14" }, { "value": "12" },
                { "value": "23" }, { "value": "26" }
              ]
            }
          ]
    },
    "clinicalCareLoad":{
        "clinicalValue":"81",
        "chart": {
            "baseFontSize":"12",
            "baseFont":"ROBOTO",
            "legendItemFont":"roboto",
            "lowerlimit": "0",
            "upperlimit": "100",
            "theme": "fusion",
            "showtooltip": "0",
            "showTickMarks": 0,
            "showTickValues": 1,
            "majorTMHeight": 0,
            "majorTMThickness": 0,
            "chartBottomMargin": "30",
            "showvalue": "1",
            "numbersuffix": "%"
          },
          "annotations": {
            "groups": [{
              "items": [
                {
                  "type": "text",
                  "text": "81%",
                  "align": "center",
                  "bold": "1",
                  "fontSize": "45",
                  "color": "#5F5E6A",
                  "x": "$chartcenterX",
                  "y": "180"
                }
              ]
            }]
          },
          "colorrange": {
            "color": [
              {
                "minvalue": "0",
                "maxvalue": "50",
                "code": "#62B58F"
        
              },
              {
                "minvalue": "50",
                "maxvalue": "70",
                "code": "#FFC533"
              },
              {
                "minvalue": "70",
                "maxvalue": "100",
                "code": "#F2726F"
        
              }
            ]
          },
          "dials": {
            "dial": [
              {
                "value": "81",
                "showValue": "0"
              }
            ]
          }
    },
    "pharmacyCareLoad":{
        "pValue":"75",
        "chart": {
            "baseFontSize":"12",
            "baseFont":"ROBOTO",
            "legendItemFont":"roboto",
            "lowerlimit": "0",
            "upperlimit": "100",
            "theme": "fusion",
            "showtooltip": "0",
            "showTickMarks": 0,
            "showTickValues": 1,
            "majorTMHeight": 0,
            "majorTMThickness": 0,
            "chartBottomMargin": "30",
            "showvalue": "1",
            "pivotFillAlpha": "0",
            "gaugeFillMix": "{light+0}",
            "majortmnumber": "10"
        
        
          },
          "annotations": {
            "groups": [{
              "items": [
                {
                  "type": "text",
                  "text":"78%",
                  "align": "center",
                  "bold": "1",
                  "fontSize": "45",
                  "color": "#5F5E6A",
                  "x": "$chartcenterX",
                  "y": "180"
                }
              ]
            }]
          },
          "colorrange": {
            "color": [
              {
                "minvalue": "0",
                "maxvalue": "78",
                "code": "#DC4237"
              },
              {
                "minvalue": "78",
                "maxvalue": "100",
                "code": "#EFF2F9"
              }
            ]
          },
          "dials": {
            "dial": [
              {
                "alpha": "0",
                "borderAlpha": "0",
                "radius": "0",
                "baseRadius": "0",
                "rearExtension": "0",
                "baseWidth": "0",
                "showValue": "0"
              }
            ]
          }
    },
    "billingCareLoad":{
        "chart": {
            "baseFontSize":"12",
            "baseFont":"ROBOTO",
            "legendItemFont":"roboto",
            "lowerlimit": "0",
            "upperlimit": "100",
            "theme": "fusion",
            "showtooltip": "0",
            "showTickMarks": 0,
            "showTickValues": 1,
            "majorTMHeight": 0,
            "majorTMThickness": 0,
            "chartBottomMargin": "30",
            "showvalue": "1",
            "pivotFillAlpha": 0,
            "gaugeFillMix": "{light+0}",
            "majortmnumber": 10
        
        
          },
          "annotations": {
            "groups": [{
              "items": [
                {
                  "type": "text",
                  "text": "45%",
                  "align": "center",
                  "bold": "1",
                  "fontSize": "45",
                  "color": "#5F5E6A",
                  "x": "$chartcenterX",
                  "y": "180"
                }
              ]
            }]
          },
          "colorrange": {
            "color": [
              {
                "minvalue": "0",
                "maxvalue": 45,
                "code": "#797DBE"
              },
              {
                "minvalue": 45,
                "maxvalue": 100,
                "code": "#EFF2F9"
              }
            ]
          },
          "dials": {
            "dial": [
              {
                "alpha": "0",
                "borderAlpha": "0",
                "radius": "0",
                "baseRadius": "0",
                "rearExtension": "0",
                "baseWidth": "0",
                "showValue": "0"
              }
            ]
          }
    },
    "radiologyCareLoad":{
        "chart": {
            "baseFontSize":"12",
            "baseFont":"ROBOTO",
            "legendItemFont":"roboto",
            "lowerlimit": "0",
            "upperlimit": "100",
            "theme": "fusion",
            "showtooltip": "0",
            "showTickMarks": 0,
            "showTickValues": 1,
            "majorTMHeight": 0,
            "majorTMThickness": 0,
            "chartBottomMargin": "30",
            "showvalue": "1",
            "numbersuffix": "%"
          },
          "annotations": {
            "groups": [{
              "items": [
                {
                  "type": "text",
                  "text": "75%",
                  "align": "center",
                  "bold": "1",
                  "fontSize": "45",
                  "color": "#5F5E6A",
                  "x": "$chartcenterX",
                  "y": "180"
                }
              ]
            }]
          },
          "colorrange": {
            "color": [
              {
                "minvalue": "0",
                "maxvalue": "50",
                "code": "#62B58F"
        
              },
              {
                "minvalue": "50",
                "maxvalue": "70",
                "code": "#FFC533"
              },
              {
                "minvalue": "70",
                "maxvalue": "100",
                "code": "#F2726F"
        
              }
            ]
          },
          "dials": {
            "dial": [
              {
                "value": "75",
                "showValue": "0"
              }
            ]
          }
    },
    "labCareLoad":{
        "chart": {
            "baseFontSize":"12",
            "baseFont":"ROBOTO",
            "legendItemFont":"roboto",
            "lowerlimit": "0",
            "upperlimit": "100",
            "theme": "fusion",
            "showvalue": "1",
            "showtooltip": "0",
            "showTickMarks": 0,
            "showTickValues": 1,
            "majorTMHeight": 0,
            "majorTMThickness": 0,
            "chartBottomMargin": "30",
            "pivotFillAlpha": 0,
            "gaugeFillMix": "{light+0}",
            "majortmnumber": 10
        
        
          },
          "annotations": {
            "groups": [{
              "items": [
                {
                  "type": "text",
                  "text": "65%",
                  "align": "center",
                  "bold": "1",
                  "fontSize": "45",
                  "color": "#5F5E6A",
                  "x": "$chartcenterX",
                  "y": "180"
                }
              ]
            }]
          },
          "colorrange": {
            "color": [
              {
                "minvalue": "0",
                "maxvalue": 65,
                "code": "#00CCF6"
              },
              {
                "minvalue": "65",
                "maxvalue": 100,
                "code": "#EFF2F9"
              }
            ]
          },
          "dials": {
            "dial": [
              {
                "alpha": "0",
                "borderAlpha": "0",
                "radius": "0",
                "baseRadius": "0",
                "rearExtension": "0",
                "baseWidth": "0",
                "showValue": "0"
              }
            ]
          }
    },
    "totalCareLoad":{
        "chart": {
            "baseFontSize":"12",
            "baseFont":"ROBOTO",
            "legendItemFont":"roboto",
            "lowerlimit": "0",
            "upperlimit": "100",
            "theme": "fusion",
            "showtooltip": "0",
            "showTickMarks": 0,
            "showTickValues": 1,
            "majorTMHeight": 0,
            "majorTMThickness": 0,
            "chartBottomMargin": "30",
            "showvalue": "1",
            "numbersuffix": "%"
        
        
          },
          "annotations": {
            "groups": [{
              "items": [
                {
                  "type": "text",
                  "text": "50%",
                  "align": "center",
                  "bold": "1",
                  "fontSize": "45",
                  "color": "#5F5E6A",
                  "x": "$chartcenterX",
                  "y": "180"
                }
              ]
            }]
          },
          "colorrange": {
            "color": [
              {
                "minvalue": "0",
                "maxvalue": "50",
                "code": "#62B58F"
        
              },
              {
                "minvalue": "50",
                "maxvalue": "70",
                "code": "#FFC533"
              },
              {
                "minvalue": "70",
                "maxvalue": "100",
                "code": "#F2726F"
        
              }
            ]
          },
          "dials": {
            "dial": [
              {
                "value": "50",
                "showValue": 0
              }
            ]
          }
    },
    "transitTime":{
        "chart": {
            "baseFontSize":"12",
            "baseFont":"ROBOTO",
            "legendItemFont":"roboto",
            "theme": "fusion",
            "orientation": "horizontal",
            "nodelabelposition": "start",
            "legendPosition":"right"
          },
          "nodes": [{
            "label": "Dental Services"
          },
          {
            "label": "Medicine"
          },
          {
            "label": "Head and Neck Surgery"
          },
          {
            "label": "Neurology"
          },
          {
            "label": "Emergency Medicine"
          },
          {
            "label": "Family Medicine"
          },
          {
            "label": "Pathology"
          },
          {
            "label": "Orthopaedic Surgery"
          },
          {
            "label": "Neurosurgery"
          },
          {
            "label": "Lab"
          },
          {
            "label": "Radiology"
          },
          {
            "label": "Pediatrics"
          },
          {
            "label": "Neurosurgery"
          },
          {
            "label": "Pharmacy"
          },
          {
            "label": "Obstetrics"
          },
          {
            "label": "Gynecology"
          },
          {
            "label": "Ophthalmology"
          },
          {
            "label": "Radiation Oncology"
          },
          {
            "label": "Rehabilitation Services"
          }
        ],
        "links": [{
            "from": "Dental Services",
            "to": "Radiology",
            "value": 10
          },
          {
            "from": "Neurosurgery",
            "to": "Radiology",
            "value": 9
          },
          {
            "from": "Radiology",
            "to": "Pharmacy",
            "value": 20
          },
          
          {
            "from": "Medicine",
            "to": "Pharmacy",
            "value": 59
          },
          {
            "from": "Head and Neck Surgery",
            "to": "Radiology",
            "value": 62
          },
          {
            "from": "Gynecology",
            "to": "Lab",
            "value": 40
          },
          {
            "from": "Ophthalmology",
            "to": "Lab",
            "value": 40
          },
          {
            "from": "Rehabilitation Services",
            "to": "Lab",
            "value": 20
          },
          {
            "from": "Lab",
            "to": "Pharmacy",
            "value": 30
          },
          {
            "from": "Radiation Oncology",
            "to": "Pharmacy",
            "value": 22
          },
          {
            "from": "Neurosurgery",
            "to": "Radiology",
            "value": 25
          },
         
          {
            "from": "Neurology",
            "to": "Radiology",
            "value": 25
          },
          {
            "from": "Emergency Medicine",
            "to": "Pharmacy",
            "value": 29
          },
          {
            "from": "Family Medicine",
            "to": "Radiology",
            "value": 38
          },
          {
            "from": "Pathology",
            "to": "Radiology",
            "value": 36
          },
          {
            "from": "Pediatrics",
            "to": "Lab",
            "value": 31
          },
          {
            "from": "Radiology",
            "to": "Pharmacy",
            "value": 32
          },
          {
            "from": "Orthopaedic Surgery",
            "to": "Lab",
            "value": 22
          },
          {
            "from": "Radiology",
            "to": "Pharmacy",
            "value": 24
          },
          {
            "from": "Pediatrics",
            "to": "Pharmacy",
            "value": 20
          },
          {
            "from": "Radiology",
            "to": "Pharmacy",
            "value": 20
          },
          {
            "from": "Neurosurgery",
            "to": "Pharmacy",
            "value": 18
          }
        ]
    },
    "waitTimeTrends":{
        "chart": {
            "baseFontSize":"12",
            "baseFont":"ROBOTO",
            "legendItemFont":"roboto",
            "legendBorderColor": "#cccccc",
            "legendBorderAlpha": "80",
            "legendBorderThickness": "1",
            "plotSpacePercent": "60",
            "legendPosition": "top-left",
            "numbersuffix": "m",
            "drawAnchors": false,
            "showPlotBorder": "1",
            "labelDisplay": "rotate",
            "rotateNames": "1",
            "useEllipsesWhenOverflow": "1",
            "plotBorderColor": "#B1B2B4",
            "showToolTipShadow": "0",
            "slantLabels": "1",
            "columnHoverColor": "#ffffff",
            "drawCustomLegendIcon": "1",
            "divLineColor": "#000",
            "numVDivLines": "6",
            "vDivLineThickness": "1",
            "vDivLineColor": "#000",
            "drawCrossLine": "0",
            "theme": "fusion",
            "xaxislineColor": "#bbb",
            "yaxislineColor": "#bbb",
            "showXAxisLine": "1",
            "showYAxisLine": "1",
            "showToolTip": "1",
            "plotToolText": "$seriesname $valuemin",
            "useRoundEdges": 1,
            "showShadowAlpha": 0
        
          },
          "categories": [
            {
              "category": [{ "label": "Pediatrics" }, { "label": "E&T" }, { "label": "Cancer" }, { "label": "General" },
              { "label": "Dentist" }, { "label": "Medicine" }, { "label": "Lab2" }, { "label": "Diabetology" },
              { "label": "Dermo" }, { "label": "Pharma1" }, { "label": "Pharma2" }, { "label": "Radilogy" },
              { "label": "Oncology" }, { "label": "Rehabilitation" }, { "label": "Ortho" }, { "label": "Ophthalmology" },
              { "label": "Obstetrics" }, { "label": "Endocrinology" }, { "label": "Lab1" }, { "label": "Lab2" },
              { "label": "Nephrology" }, { "label": "Immunology" }, { "label": "Maternity" }, { "label": "North" },
              { "label": "Lab4" }, { "label": "Oncology" }, { "label": "Gynacology" }, { "label": "Lab3" },
              { "label": "Pharma4" }, { "label": "Cardiology" }, { "label": "Nutrition" }, { "label": "Lab5" }]
            }
          ],
          "dataset": [
            {
              "seriesname": "Current Trends",
              "color": "#285FDB",
              "renderas": "spline",
              "data": [
                { "value": "8" }, { "value": "9" }, { "value": "15" }, { "value": "12" },
                { "value": "5" }, { "value": "7" }, { "value": "2" }, { "value": "3" },
                { "value": "10" }, { "value": "10" }, { "value": "5" }, { "value": "13" },
                { "value": "12" }, { "value": "5" }, { "value": "6" }, { "value": "8" },
                { "value": "21" }, { "value": "8" }, { "value": "10" }, { "value": "10" },
                { "value": "13" }, { "value": "11" }, { "value": "8" }, { "value": "9" },
                { "value": "5" }, { "value": "10" }, { "value": "18" }, { "value": "10" },
                { "value": "12" }, { "value": "12" }, { "value": "12" }, { "value": "11" }
              ]
            },
            {
              "seriesname": "Avg Wait Time",
              "color": "#F0F2F8",
              "data": [
                { "value": "12" }, { "value": "5" }, { "value": "6" }, { "value": "18" },
                { "value": "21" }, { "value": "8" }, { "value": "10" }, { "value": "10" },
                { "value": "10" }, { "value": "10" }, { "value": "5" }, { "value": "13" },
                { "value": "15" }, { "value": "7" }, { "value": "20" }, { "value": "13" },
                { "value": "13" }, { "value": "11" }, { "value": "8" }, { "value": "19" },
                { "value": "8" }, { "value": "9" }, { "value": "15" }, { "value": "12" },
                { "value": "5" }, { "value": "10" }, { "value": "18" }, { "value": "10" },
                { "value": "12" }, { "value": "12" }, { "value": "12" }, { "value": "11" }
              ]
            }
        
        
          ]
    }

}

