{
    "patientInflowbyHours":{
        "chart": {
            "baseFontSize":"12",
            "baseFont":"ROBOTO",
            "showLegend":"0",
            "plotSpacePercent": "60",
            "drawAnchors": false,
            "showPlotBorder": "1",
            "labelDisplay": "rotate",
            "rotateNames": "1",
            "useEllipsesWhenOverflow": "1",
            "plotBorderColor": "#28C3BF",
            "showToolTipShadow": "0",
            "slantLabels": "1",
            "divLineColor": "#000",
            "numVDivLines": "6",
            "vDivLineThickness": "1",
            "vDivLineColor": "#000",
            "drawCrossLine": "0",
            "theme": "fusion",
            "xaxislineColor": "#bbb",
            "yaxislineColor": "#bbb",
            "showXAxisLine": "1",
            "showYAxisLine": "1",
            "showToolTip": "1",
            "plotToolText": "$value $seriesname at $label",
            "useRoundEdges": 0,
            "showShadowAlpha": 0
          },
        
          "categories": [
            {
                "category": [
                    {
                        "label": "06:00"
                    },
                    {
                        "label": "07:00"
                    },
                    {
                        "label": "08:00"
                    },
                    {
                        "label": "09:00"
                    },
                    {
                        "label": "10:00"
                    },
                    {
                        "label": "11:00"
                    },
                    {
                        "label": "12:00"
                    },
                    {
                        "label": "13:00"
                    },
                    {
                        "label": "14:00"
                    },
                    {
                        "label": "15:00"
                    },
                    {
                        "label": "16:00"
                    },
                    {
                        "label": "17:00"
                    },
                    {
                        "label": "18:00"
                    },
                    {
                        "label": "19:00"
                    },
                    {
                        "label": "20:00"
                    },
                    {
                        "label": "21:00"
                    },
                    {
                        "label": "22:00"
                    },
                    {
                        "label": "23:00"
                    },
                    {
                        "label": "00:00"
                    },
                    {
                        "label": "01:00"
                    },
                    {
                        "label": "02:00"
                    },
                    {
                        "label": "03:00"
                    },
                    {
                        "label": "04:00"
                    },
                    {
                        "label": "05:00"
                    }
                ]
            }
        ],
          "dataset": [
          {
              "seriesname": "Patients",
              "color":"#28C3BF",
              "data": [
                { "value": "12" }, { "value": "5" }, { "value": "" }, { "value": "" },
                { "value": "" }, { "value": "8" }, { "value": "10" }, { "value": "10" },
                { "value": "10" }, { "value": "10" }, { "value": "5" }, { "value": "13" },
                { "value": "5" }, { "value": "7" }, { "value": "2" }, { "value": "13" },
                { "value": "13" }, { "value": "" }, { "value": "8" }, { "value": "19" },
                { "value": "8" }, { "value": "" }, { "value": "1" }, { "value": "7" }
                
              ]
            }
        
        
          ]
    },
    "triage":{
        "chart": {
            "plottooltext":
              "<b class='boldtext'>$label</b> <br>$seriesName: <b class='boldtext'>$dataValue</b>",
            "theme": "fusion",
            "drawcrossline": "0",
            "legendBorderColor": "#cccccc",
            "legendBorderAlpha": "80",
            "legendBorderThickness": "1",
            "plotSpacePercent":"60",
            "legendPosition":"top-right",
            "baseFont":"ROBOTO",
            "legendItemFont":"ROBOTO"
          },
          "categories": [
            {
              "category": [
                {
                  "label": "ER1"
                },
                {
                  "label": "ER2"
                },
                {
                  "label": "ER3"
                }
              ]
            }
          ],
          "dataset": [
            {
              "seriesname": "In-care",
              "color":"#FFC535",
              "data": [
                {
                  "value": "10"
                },
                {
                  "value": "15"
                },
                {
                  "value": "10"
                }
              ]
            },
            {
              "seriesname": "In-wait",
              "color":"#30B7BD",
              "data": [
                {
                  "value": "5"
                },
                {
                  "value": "10"
                },
                {
                  "value": "5"
                }
              ]
            }
          ]
      },
      "services":{
        "chart": {
            "theme": "fusion",
            "showYAxisValues":"0",
            "plotSpacePercent":"60",
            "paletteColors":"#EB65AE,#4E53A5,#FE0000,#00B0D7"
        },
        "data": [
          {
              "label": "Blood Bank",
              "color":"#FE0000",
              "value": "88"
          },
          {
              "label": "Surgery",
              "color":"#4E53A5",
              "value": "73"
          },
          {
              "label": "Maternity",
              "color":"#EB65AE",
              "value": "59"
          },
          {
              "label": "Accident",
              "color":"#00B0D7",
              "value": "52"
          }
      ]
    },
    "patientsDemographics":{
        "type":"stackedcolumn2d",
        "width":"100%",
        "height":"350",
        "dataFormat":"JSON",
        "dataSource":{
            "chart": {
                "plottooltext":
                  "<b>$dataValue</b> are $seriesName from $label Agegroup",
                "theme": "fusion",
                "baseFont":"Roboto",
                "drawcrossline": "0",
                "showYAxisLine":"0",
                "legendPosition":"top-right",
                "showYAxisValues":"0",
                "legendBorderColor": "#cccccc",
            "legendBorderAlpha": "80",
            "legendBorderThickness": "1",
            "plotSpacePercent":"50",
            "reverseLegend":"1",
            "labelFontSize":"12",
           
          "legendItemFont":"ROBOTO"

              },
              "categories": [
                {
                  "category": [
                    {
                      "label": "0 - 7 yrs"
                    },
                    {
                      "label": "8 - 14 yrs"
                    },
                    {
                      "label": "15 - 21 yrs"
                    },
                    {
                      "label": "22 - 28 yrs"
                    },
                    {
                      "label": "29 - 35 yrs"
                    },
                    {
                      "label": "36 - 42 yrs"
                    },
                    {
                      "label": "43 - 49 yrs"
                    }
                  ]
                }
              ],
              "dataset": [
                
                
                {
                  "seriesname": "Male",
                  "color":"#5D62B4",
                  "data": [
                    {
                      "value": "40"
                    },
                    {
                      "value": "33"
                    },
                    {
                      "value": "50"
                    },
                    {
                      "value": "42"
                    },
                    {
                      "value": "19"
                    },
                    {
                      "value": "38"
                    },
                    {
                      "value": "13"
                    }
                  ]
                },{
                  "seriesname": "Female",
                  "color":"#B786E2",
                  "data": [
                    {
                      "value": "35"
                    },
                    {
                      "value": "22"
                    },
                    {
                      "value": "41"
                    },
                    {
                      "value": "37"
                    },
                    {
                      "value": "72"
                    },
                    {
                      "value": "31"
                    },
                    {
                      "value": "22"
                    }
                  ]
                }
               
               
              ]
        }
    },
    "staffAvailable":{
        "chart": {
            "baseFontSize":"12",
            "baseFont":"ROBOTO",
            "outCanvasBaseFont":"ROBOTO",
            "legendItemFont":"roboto",
            "legendBorderColor": "#cccccc",
            "legendBorderAlpha": "80",
            "legendBorderThickness": "1",
            "showlegend": "1",
            "nodelabelposition": "inside",
            "defaultcenterlabel": "660 PATIENTS",
            "legendPosition": "top-center",
            "enableSmartLabels": "1",
            "showLabels": "1",
            "showValues": "1",
            "labelFont":"Roboto",
            "labelFontColor":"#555555",
            "theme": "fusion",
            "showPercentValues":"0"
          },
          "data": [
            { "label": "Nurse", "value": "8" },
            { "label": "Doctors", "value": "5" },
            { "label": "Helpers", "value": "6" }
          ]
      }
}