{
    "heatMapData":{
        "chart": {
            "baseFontSize": "12",
            "baseFont": "ROBOTO",
            "legendItemFont": "roboto",
            "showlegend": "1",
            "nodelabelposition": "outside",
            "theme": "fusion"
          },
          "links": [
            { "from": "Counter1", "to": "Counter1", "value": 16 },
            { "from": "Counter1", "to": "Counter2", "value": 15 },
            { "from": "Counter1", "to": "Counter3", "value": 12 },
            { "from": "Counter1", "to": "Counter7", "value": 11 },
            { "from": "Counter1", "to": "Counter5", "value": 13 },
            { "from": "Counter1", "to": "Counter6", "value": 15 },
            { "from": "Counter1", "to": "Counter8", "value": 9 },
            { "from": "Counter1", "to": "Counter8", "value": 12 },
            { "from": "Counter1", "to": "Counter6", "value": 20 },
            { "from": "Counter1", "to": "Counter2", "value": 27 },
            { "from": "Counter2", "to": "Counter1", "value": 4 },
            { "from": "Counter2", "to": "Counter2", "value": 8 },
            { "from": "Counter2", "to": "Counter3", "value": 21 },
            { "from": "Counter2", "to": "Counter7", "value": 28 },
            { "from": "Counter2", "to": "Counter5", "value": 17 },
            { "from": "Counter2", "to": "Counter6", "value": 24 },
            { "from": "Counter2", "to": "Counter8", "value": 32 },
            { "from": "Counter2", "to": "Counter8", "value": 19 },
            { "from": "Counter2", "to": "Counter6", "value": 15 },
            { "from": "Counter2", "to": "Counter1", "value": 12 },
            { "from": "Counter3", "to": "Counter2", "value": 17 },
            { "from": "Counter3", "to": "Counter3", "value": 24 },
            { "from": "Counter3", "to": "Counter7", "value": 17 },
            { "from": "Counter3", "to": "Counter5", "value": 13 },
            { "from": "Counter3", "to": "Counter6", "value": 14 },
            { "from": "Counter3", "to": "Counter8", "value": 52 },
            { "from": "Counter3", "to": "Counter8", "value": 17 },
            { "from": "Counter3", "to": "Counter6", "value": 12 },
            { "from": "Counter3", "to": "Counter4", "value": 16 },
            { "from": "Counter7", "to": "Counter1", "value": 21 },
            { "from": "Counter7", "to": "Counter2", "value": 17 },
            { "from": "Counter7", "to": "Counter3", "value": 10 },
            { "from": "Counter7", "to": "Counter7", "value": 18 },
            { "from": "Counter7", "to": "Counter5", "value": 22 },
            { "from": "Counter7", "to": "Counter6", "value": 7 },
            { "from": "Counter7", "to": "Counter8", "value": 16 },
            { "from": "Counter7", "to": "Counter8", "value": 26 },
            { "from": "Counter7", "to": "Counter6", "value": 11 },
            { "from": "Counter7", "to": "Counter4", "value": 13 },
            { "from": "Counter5", "to": "Counter1", "value": 16 },
            { "from": "Counter5", "to": "Counter2", "value": 13 },
            { "from": "Counter5", "to": "Counter3", "value": 44 },
            { "from": "Counter5", "to": "Counter7", "value": 17 },
            { "from": "Counter5", "to": "Counter5", "value": 12 },
            { "from": "Counter5", "to": "Counter6", "value": 13 },
            { "from": "Counter5", "to": "Counter8", "value": 38 },
            { "from": "Counter5", "to": "Counter8", "value": 31 },
            { "from": "Counter5", "to": "Counter6", "value": 39 },
            { "from": "Counter5", "to": "Counter4", "value": 14 },
            { "from": "Counter6", "to": "Counter1", "value": 15 },
            { "from": "Counter6", "to": "Counter2", "value": 13 },
            { "from": "Counter6", "to": "Counter3", "value": 13 },
            { "from": "Counter6", "to": "Counter7", "value": 19 },
            { "from": "Counter6", "to": "Counter5", "value": 19 },
            { "from": "Counter6", "to": "Counter6", "value": 13 },
            { "from": "Counter6", "to": "Counter8", "value": 73 },
            { "from": "Counter6", "to": "Counter8", "value": 52 },
            { "from": "Counter6", "to": "Counter6", "value": 34 },
            { "from": "Counter6", "to": "Counter4", "value": 67 },
            { "from": "Counter8", "to": "Counter1", "value": 10 },
            { "from": "Counter8", "to": "Counter2", "value": 17 },
            { "from": "Counter8", "to": "Counter3", "value": 26 },
            { "from": "Counter8", "to": "Counter7", "value": 15 },
            { "from": "Counter8", "to": "Counter5", "value": 25 },
            { "from": "Counter8", "to": "Counter6", "value": 11 },
            { "from": "Counter8", "to": "Counter8", "value": 78 },
            { "from": "Counter8", "to": "Counter8", "value": 14 },
            { "from": "Counter8", "to": "Counter6", "value": 27 },
            { "from": "Counter8", "to": "Counter4", "value": 35 },
            { "from": "Counter8", "to": "Counter1", "value": 27 },
            { "from": "Counter8", "to": "Counter2", "value": 25 },
            { "from": "Counter8", "to": "Counter3", "value": 20 },
            { "from": "Counter8", "to": "Counter7", "value": 21 },
            { "from": "Counter8", "to": "Counter5", "value": 26 },
            { "from": "Counter8", "to": "Counter6", "value": 19 },
            { "from": "Counter8", "to": "Counter8", "value": 18 },
            { "from": "Counter8", "to": "Counter8", "value": 16 },
            { "from": "Counter8", "to": "Counter4", "value": 20 },
            { "from": "Counter6", "to": "Counter1", "value": 27 },
            { "from": "Counter6", "to": "Counter2", "value": 17 },
            { "from": "Counter6", "to": "Counter3", "value": 17 },
            { "from": "Counter6", "to": "Counter7", "value": 20 },
            { "from": "Counter6", "to": "Counter5", "value": 11 },
            { "from": "Counter6", "to": "Counter6", "value": 5 },
            { "from": "Counter6", "to": "Counter8", "value": 16 },
            { "from": "Counter6", "to": "Counter8", "value": 11 },
            { "from": "Counter6", "to": "Counter6", "value": 19 },
            { "from": "Counter6", "to": "Counter4", "value": 17 },
            { "from": "Counter4", "to": "Counter1", "value": 36 },
            { "from": "Counter4", "to": "Counter2", "value": 22 },
            { "from": "Counter4", "to": "Counter3", "value": 17 },
            { "from": "Counter4", "to": "Counter7", "value": 10 },
            { "from": "Counter4", "to": "Counter5", "value": 38 },
            { "from": "Counter4", "to": "Counter6", "value": 36 },
            { "from": "Counter4", "to": "Counter8", "value": 11 },
            { "from": "Counter4", "to": "Counter8", "value": 25 },
            { "from": "Counter4", "to": "Counter6", "value": 36 },
            { "from": "Counter4", "to": "Counter4", "value": 17 }
          ]
    },
    "scheduledAppointments":{
        "chart": {
            "baseFontSize": "12",
            "baseFont": "ROBOTO",
            "legendItemFont": "roboto",
            "paletteColors": "#BCF0FC,#B3FE99,#F6E0B0",
            "showPlotBorder": true,
            "plotFillAngle": "90",
            "usePlotGradientColor": "1",
            "plotGradientColor": "#ffffff",
            "drawFullAreaBorder": false,
            "drawAnchors": true,
            "anchorRadius": "4",
            "anchorHoverRadius": "12",
            "labelFontItalic": true,
            "theme": "fusion",
            "adjustDiv": 1,
            "numVDivLines": 5,
            "legendPosition": "top-center",
            "legendBorderColor": "#cccccc",
            "legendIconBorderColor": "#555",
            "legendBorderAlpha": "80",
            "legendBorderThickness": "1",
            "drawCrossLine": "0",
            "rotateLabels": "1",
            "chartRightPadding": "20",
            "slantLabels": 1,
            "divLineColor": "#ffffff",
            "plotToolText":"<div id=\"divTable\"><table id=\"dataTable\" width=\"210px\"/><tr class=\"hdr\"><td  colspan=\"2\">$label</td><td>10.45AM</td></tr><tr><td><span class=\"lable\">Served By</span><div class=\"hdr\">Doctor1</div></td></tr><tr><td><span class=\"lable\">Service-Time</span><div class=\"hdr\">2.5 hrs</div></td><td><span class=\"lable\">End-Time</span><div class=\"hdr\">11:00 hrs</div></td><td><span class=\"lable\">Wait-Time</span><div class=\"hdr\">11:00 hrs</div></td></tr></table></div>"

          },
          "categories": [
            {
              "category": [
                {
                  "label": "Cardiology"
                },
                {
                  "label": "Pediatrics"
                },
                {
                  "label": "ENT"
                },
                {
                  "label": "Gynacology"
                },
                {
                  "label": "Nutrition"
                },
                {
                  "label": "Oncology"
                },
                {
                  "label": "Dental"
                },
                {
                  "label": "Pathology"
                },
                {
                  "label": "Orthopedic"
                }
              ]
            }
          ],
          "dataset": [
            {
              "seriesname": "Patients Checked In",
              "plotBorderColor": "#45D3F5",
              "anchorBgColor": "#45D3F5",
              "anchorBorderColor": "#45D3F5",
        
              "data": [
                {
                  "value": "4"
                },
                {
                  "value": "6"
                },
                {
                  "value": "6"
                },
                {
                  "value": "5"
                },
                {
                  "value": "7"
                },
                {
                  "value": "8"
                },
                {
                  "value": "7"
                },
                {
                  "value": "10"
                },
                {
                  "value": "8"
                }
              ]
            },
            {
              "seriesname": "Attended",
              "anchorBgColor": "#7AF171",
              "anchorBorderColor": "#7AF171",
              "plotBorderColor": "#7AF171",
        
              "data": [
                {
                  "value": "3"
                },
                {
                  "value": "4"
                },
                {
                  "value": "3"
                },
                {
                  "value": "7"
                },
                {
                  "value": "5"
                },
                {
                  "value": "9"
                },
                {
                  "value": "10"
                },
                {
                  "value": "6"
                },
                {
                  "value": "10"
                }
              ]
            },
            {
              "seriesname": "Served",
              "anchorBgColor": "#F6E0B0",
              "anchorBorderColor": "#F6E0B0",
              "plotBorderColor": "#F9D481",
        
              "data": [
                {
                  "value": "2"
                },
                {
                  "value": "3"
                },
                {
                  "value": "2"
                },
                {
                  "value": "3"
                },
                {
                  "value": "4"
                },
                {
                  "value": "4"
                },
                {
                  "value": "6"
                },
                {
                  "value": "8"
                },
                {
                  "value": "5"
                }
              ]
            }
          ]
    },
    "pharmacybyServicetype":{
        "chart": {
            "baseFontSize": "12",
            "labelFont": "Roboto",
            "baseFont": "Roboto",
            "legendItemFont": "roboto",
            "showpercentvalues": "1",
            "defaultcenterlabel": "Pharmacy2 West wing",
            "aligncaptionwithcanvas": "0",
            "captionpadding": "0",
            "theme": "fusion",
            "legendBorderColor": "#cccccc",
            "legendBorderAlpha": "80",
            "legendBorderThickness": "1"
          },
          "data": [
        
            {
              "label": "Controlled",
              "value": "45",
              "link": "newchart-json-g2"
        
        
            },
            {
              "label": "Fast track",
              "value": "55",
              "link": "newchart-json-g1"
        
            },
            {
              "label": "Normal",
              "value": "53",
              "link": "newchart-json-g3"
        
            },
            {
              "label": "Re-fills",
              "value": "10",
              "link": "newchart-json-g4"
        
            },
            {
              "label": "Next day",
              "value": "17",
              "link": "newchart-json-g5"
        
            }
          ],
          "linkeddata": [
            {
              "id": "g1",
              "linkedchart": {
                "chart": {
                  "baseFontSize": "12",
                  "labelFont": "Roboto",
                  "baseFont": "Roboto",
                  "legendItemFont": "roboto",
                  "showPercentValues": "0",
                  "showvalues": "0",
                  "plotToolText": "$datavalue Patients at $label",
                  "showlegend": "0",
                  "theme": "fusion",
                  "rotateValues": "0",
                  "startingAngle": "60",
                  "defaultcenterlabel": "Fast track"
                },
                "data": [
                  { "label": "00:00", "value": "17" },
                  { "label": "24:00", "value": "10" },
                  { "label": "23:00", "value": "18" },
                  { "label": "22:00", "value": "13" },
                  { "label": "21:00", "value": "10" },
                  { "label": "20:00", "value": "15" },
                  { "label": "19:00", "value": "20" },
                  { "label": "18:00", "value": "15" },
                  { "label": "17:00", "value": "18" },
                  { "label": "16:00", "value": "17" },
                  { "label": "15:00", "value": "10" },
                  { "label": "14:00", "value": "18" },
                  { "label": "13:00", "value": "53" },
                  { "label": "12:00", "value": "10" },
                  { "label": "11:00", "value": "17" },
                  { "label": "10:00", "value": "10" },
                  { "label": "09:00", "value": "18" },
                  { "label": "08:00", "value": "16" },
                  { "label": "07:00", "value": "10" },
                  { "label": "06:00", "value": "17" },
                  { "label": "05:00", "value": "10" },
                  { "label": "04:00", "value": "18" },
                  { "label": "03:00", "value": "14" },
                  { "label": "02:00", "value": "10" }
        
                ]
              }
            },
            {
              "id": "g2",
              "linkedchart": {
                "chart": {
                  "baseFontSize": "12",
                  "labelFont": "Roboto",
                  "baseFont": "Roboto",
                  "legendItemFont": "roboto",
                  "showPercentValues": "0",
                  "showvalues": "0",
                  "plotToolText": "$datavalue Patients at $label",
                  "showlegend": "0",
                  "theme": "fusion",
                  "rotateValues": "0",
                  "startingAngle": "60",
                  "defaultcenterlabel": "Controlled"
        
                },
                "data": [
                  { "label": "00:00", "value": "17" },
                  { "label": "24:00", "value": "10" },
                  { "label": "23:00", "value": "18" },
                  { "label": "22:00", "value": "13" },
                  { "label": "21:00", "value": "10" },
                  { "label": "20:00", "value": "15" },
                  { "label": "19:00", "value": "20" },
                  { "label": "18:00", "value": "15" },
                  { "label": "17:00", "value": "18" },
                  { "label": "16:00", "value": "17" },
                  { "label": "15:00", "value": "10" },
                  { "label": "14:00", "value": "18" },
                  { "label": "13:00", "value": "53" },
                  { "label": "12:00", "value": "10" },
                  { "label": "11:00", "value": "17" },
                  { "label": "10:00", "value": "10" },
                  { "label": "09:00", "value": "18" },
                  { "label": "08:00", "value": "16" },
                  { "label": "07:00", "value": "10" },
                  { "label": "06:00", "value": "17" },
                  { "label": "05:00", "value": "10" },
                  { "label": "04:00", "value": "18" },
                  { "label": "03:00", "value": "14" },
                  { "label": "02:00", "value": "10" }
        
                ]
              }
            },
            {
              "id": "g3",
              "linkedchart": {
                "chart": {
                  "baseFontSize": "12",
                  "labelFont": "Roboto",
                  "baseFont": "Roboto",
                  "legendItemFont": "roboto",
                  "showPercentValues": "0",
                  "showvalues": "0",
                  "plotToolText": "$datavalue Patients at $label",
                  "showlegend": "0",
                  "theme": "fusion",
                  "rotateValues": "0",
                  "startingAngle": "60",
                  "defaultcenterlabel": "Normal"
        
                },
                "data": [
                  { "label": "00:00", "value": "17" },
                  { "label": "24:00", "value": "10" },
                  { "label": "23:00", "value": "18" },
                  { "label": "22:00", "value": "13" },
                  { "label": "21:00", "value": "10" },
                  { "label": "20:00", "value": "15" },
                  { "label": "19:00", "value": "20" },
                  { "label": "18:00", "value": "15" },
                  { "label": "17:00", "value": "18" },
                  { "label": "16:00", "value": "17" },
                  { "label": "15:00", "value": "10" },
                  { "label": "14:00", "value": "18" },
                  { "label": "13:00", "value": "53" },
                  { "label": "12:00", "value": "10" },
                  { "label": "11:00", "value": "17" },
                  { "label": "10:00", "value": "10" },
                  { "label": "09:00", "value": "18" },
                  { "label": "08:00", "value": "16" },
                  { "label": "07:00", "value": "10" },
                  { "label": "06:00", "value": "17" },
                  { "label": "05:00", "value": "10" },
                  { "label": "04:00", "value": "18" },
                  { "label": "03:00", "value": "14" },
                  { "label": "02:00", "value": "10" }
        
                ]
              }
            },
            {
              "id": "g4",
              "linkedchart": {
                "chart": {
                  "baseFontSize": "12",
                  "labelFont": "Roboto",
                  "baseFont": "Roboto",
                  "legendItemFont": "roboto",
                  "showPercentValues": "0",
                  "showvalues": "0",
                  "plotToolText": "$datavalue Patients at $label",
                  "showlegend": "0",
                  "theme": "fusion",
                  "rotateValues": "0",
                  "startingAngle": "60",
                  "defaultcenterlabel": "Re-fill"
        
                },
                "data": [
                  { "label": "00:00", "value": "17" },
                  { "label": "24:00", "value": "10" },
                  { "label": "23:00", "value": "18" },
                  { "label": "22:00", "value": "13" },
                  { "label": "21:00", "value": "10" },
                  { "label": "20:00", "value": "15" },
                  { "label": "19:00", "value": "20" },
                  { "label": "18:00", "value": "15" },
                  { "label": "17:00", "value": "18" },
                  { "label": "16:00", "value": "17" },
                  { "label": "15:00", "value": "10" },
                  { "label": "14:00", "value": "18" },
                  { "label": "13:00", "value": "53" },
                  { "label": "12:00", "value": "10" },
                  { "label": "11:00", "value": "17" },
                  { "label": "10:00", "value": "10" },
                  { "label": "09:00", "value": "18" },
                  { "label": "08:00", "value": "16" },
                  { "label": "07:00", "value": "10" },
                  { "label": "06:00", "value": "17" },
                  { "label": "05:00", "value": "10" },
                  { "label": "04:00", "value": "18" },
                  { "label": "03:00", "value": "14" },
                  { "label": "02:00", "value": "10" }
        
                ]
              }
            },
            {
              "id": "g5",
              "linkedchart": {
                "chart": {
                  "baseFontSize": "12",
                  "labelFont": "Roboto",
                  "baseFont": "Roboto",
                  "legendItemFont": "roboto",
                  "showPercentValues": "0",
                  "showvalues": "0",
                  "plotToolText": "$datavalue Patients at $label",
                  "showlegend": "0",
                  "theme": "fusion",
                  "rotateValues": "0",
                  "startingAngle": "60",
                  "defaultcenterlabel": "Next day"
        
                },
                "data": [
                  { "label": "00:00", "value": "17" },
                  { "label": "24:00", "value": "10" },
                  { "label": "23:00", "value": "18" },
                  { "label": "22:00", "value": "13" },
                  { "label": "21:00", "value": "10" },
                  { "label": "20:00", "value": "15" },
                  { "label": "19:00", "value": "20" },
                  { "label": "18:00", "value": "15" },
                  { "label": "17:00", "value": "18" },
                  { "label": "16:00", "value": "17" },
                  { "label": "15:00", "value": "10" },
                  { "label": "14:00", "value": "18" },
                  { "label": "13:00", "value": "53" },
                  { "label": "12:00", "value": "10" },
                  { "label": "11:00", "value": "17" },
                  { "label": "10:00", "value": "10" },
                  { "label": "09:00", "value": "18" },
                  { "label": "08:00", "value": "16" },
                  { "label": "07:00", "value": "10" },
                  { "label": "06:00", "value": "17" },
                  { "label": "05:00", "value": "10" },
                  { "label": "04:00", "value": "18" },
                  { "label": "03:00", "value": "14" },
                  { "label": "02:00", "value": "10" }
        
                ]
              }
            }
          ]
    },
    "topDrugDispensed":{
        "type": "multilevelpie",
  "width": "100%",
  "height": "450",
  "dataFormat": "JSON",
  "dataSource": {
    "chart": {
      "valueFont": "Roboto",
      "labelFont": "Roboto",
      "baseFontSize": "12",
      "baseFont": "Roboto",
      "legendItemFont": "roboto",
      "showplotborder": "1",
      "plotfillalpha": "60",
      "hoverfillcolor": "#CCCCCC",
      "numberprefix": "$",
      "plottooltext":
        "Sales of <b>$label</b> was <b>$value</b>",
      "theme": "fusion"
    },
    "category": [
      {
        "color": "#ffffff",
        "value": "150",
        "category": [
          {
            "label": "Dextroamphetamine",
            "color": "#f8bd19",
            "value": "55",
            "link": "newchart-JSON-g1",
            "category": [
              {
                "label": "Ibuprofen",
                "color": "#f8bd19",
                "value": "10"
              },
              {
                "label": "Atrovastatin",
                "color": "#f8bd19",
                "value": "27"
              },

              {
                "label": "Amlodipine",
                "color": "#f8bd19",
                "value": "11"
              },
              {
                "color": "#f8bd19",
                "value": "7"
              }
            ]
          },
          {
            "label": "Meloxicam",
            "color": "#33ccff",
            "value": "42",
            "link": "newchart-JSON-g2",
            "category": [
              {
                "label": "Albuterol",
                "color": "#33ccff",
                "value": "10"
              },
              {
                "label": "Simvastatin",
                "color": "#33ccff",
                "value": "18"
              },
              {
                "label": "Lisinopril",
                "color": "#33ccff",
                "value": "7"
              },
              {
                "label": "Metformin",
                "color": "#33ccff",
                "value": "7"
              }
            ]
          },
          {
            "label": "Acetaminophen",
            "color": "#ffcccc",
            "value": "22",
            "link": "newchart-JSON-g3",
            "category": [
              {
                "label": "Metoprolol",
                "color": "#ffcccc",
                "value": "9"
              },
              {
                "label": "Protonix",
                "color": "#ffcccc",
                "value": "6"
              },
              {
                "label": "Glipizide",
                "color": "#ffcccc",
                "value": "7"
              }
            ]
          },
          {
            "label": "Alprazolam",
            "color": "#ccff66",
            "value": "30",
            "link": "newchart-JSON-g4",
            "category": [
              {
                "label": "Ranitidine",
                "color": "#ccff66",
                "value": "9"
              },
              {
                "label": "Tramadol",
                "color": "#ccff66",
                "value": "10"
              },
              {
                "label": "Rosuvastatin",
                "color": "#ccff66",
                "value": "11"
              }
            ]

          }
        ]
      }
    ],
    "linkeddata": [
      {
        "id": "g1",
        "linkedchart": {
          "chart": {
            "valueFont": "Roboto",
            "labelFont": "Roboto",
            "baseFontSize": "12",
            "baseFont": "Roboto",
            "legendItemFont": "roboto",
            "showplotborder": "1",
            "theme": "fusion",
            "plottooltext":
              "<b>$value</b> dispensed at <b>$label1</b>"

          },
          "category": [
            {
              "color": "#ffffff",
              "value": "55",
              "label": "Dextroamphetamine",

              "category": [
                {
                  "label": "Normal",
                  "color": "#F4CF68",
                  "value": "13",
                  "category": [
                    {
                      "label": "SWP",
                      "color": "#F4CF68",
                      "value": "5"
                    },
                    {
                      "label": "NWP",
                      "color": "#F4CF68",
                      "value": "3"
                    },

                    {
                      "label": "EWP",
                      "color": "#F4CF68",
                      "value": "3"
                    },
                    {
                      "label": "WWP",
                      "color": "#F4CF68",
                      "value": "1"
                    },
                    {
                      "label": "MBP",
                      "color": "#F4CF68",
                      "value": "1"
                    }
                  ]
                },
                {
                  "label": "Fast Track",
                  "color": "#87DCF9",
                  "value": "15",
                  "category": [
                    {
                      "label": "NWP",
                      "color": "#87DCF9",
                      "value": "5"
                    },
                    {
                      "label": "SWP",
                      "color": "#87DCF9",
                      "value": "4"
                    },
                    {
                      "label": "EWP",
                      "color": "#87DCF9",
                      "value": "3"
                    },
                    {
                      "label": "WWP",
                      "color": "#87DCF9",
                      "value": "1"
                    },
                    {
                      "label": "MBP",
                      "color": "#87DCF9",
                      "value": "2"
                    }
                  ]
                },
                {
                  "label": "Controlled",
                  "color": "#ffcccc",
                  "value": "13",
                  "category": [
                    {
                      "label": "NWP",
                      "color": "#ffcccc",
                      "value": "3"
                    },
                    {
                      "label": "SWP",
                      "color": "#ffcccc",
                      "value": "6"
                    },
                    {
                      "label": "EWP",
                      "color": "#ffcccc",
                      "value": "2"
                    },
                    {
                      "label": "WWP",
                      "color": "#ffcccc",
                      "value": "1"
                    },
                    {
                      "label": "MBP",
                      "color": "#ffcccc",
                      "value": "1"
                    }
                  ]
                },
                {
                  "label": "Refill",
                  "color": "#D5FA8B",
                  "value": "15",
                  "category": [
                    {
                      "label": "NMP",
                      "color": "#D5FA8B",
                      "value": "8"
                    },
                    {
                      "label": "EMP",
                      "color": "#D5FA8B",
                      "value": "5"
                    },
                    {
                      "label": "WMP",
                      "color": "#D5FA8B",
                      "value": "11"
                    },
                    {
                      "label": "SMP",
                      "color": "#D5FA8B",
                      "value": "3"
                    },
                    {
                      "label": "BMP",
                      "color": "#D5FA8B",
                      "value": "3"
                    }
                  ]

                }
              ]
            }
          ]
        }
      },
      {
        "id": "g2",
        "linkedchart": {
          "chart": {
            "showplotborder": "1",
            "theme": "fusion"
          },
          "category": [
            {
              "color": "#ffffff",
              "value": "42",
              "label": "Meloxicam",

              "category": [
                {
                  "label": "Normal",
                  "color": "#F4CF68",
                  "value": "11",
                  "category": [
                    {
                      "label": "SWP",
                      "color": "#F4CF68",
                      "value": "2"
                    },
                    {
                      "label": "NWP",
                      "color": "#F4CF68",
                      "value": "2"
                    },

                    {
                      "label": "EWP",
                      "color": "#F4CF68",
                      "value": "3"
                    },
                    {
                      "label": "WWP",
                      "color": "#F4CF68",
                      "value": "2"
                    },
                    {
                      "label": "MBP",
                      "color": "#F4CF68",
                      "value": "2"
                    }
                  ]
                },
                {
                  "label": "Fast Track",
                  "color": "#87DCF9",
                  "value": "11",
                  "category": [
                    {
                      "label": "NWP",
                      "color": "#87DCF9",
                      "value": "1"
                    },
                    {
                      "label": "SWP",
                      "color": "#87DCF9",
                      "value": "3"
                    },
                    {
                      "label": "EWP",
                      "color": "#87DCF9",
                      "value": "3"
                    },
                    {
                      "label": "WWP",
                      "color": "#87DCF9",
                      "value": "2"
                    },
                    {
                      "label": "MBP",
                      "color": "#87DCF9",
                      "value": "2"
                    }
                  ]
                },
                {
                  "label": "Controlled",
                  "color": "#ffcccc",
                  "value": "10",
                  "category": [
                    {
                      "label": "NWP",
                      "color": "#ffcccc",
                      "value": "1"
                    },
                    {
                      "label": "SWP",
                      "color": "#ffcccc",
                      "value": "3"
                    },
                    {
                      "label": "EWP",
                      "color": "#ffcccc",
                      "value": "2"
                    },
                    {
                      "label": "WWP",
                      "color": "#ffcccc",
                      "value": "2"
                    },
                    {
                      "label": "MBP",
                      "color": "#ffcccc",
                      "value": "2"
                    }
                  ]
                },
                {
                  "label": "Refill",
                  "color": "#D5FA8B",
                  "value": "10",
                  "category": [
                    {
                      "label": "NMP",
                      "color": "#D5FA8B",
                      "value": "2"
                    },
                    {
                      "label": "EMP",
                      "color": "#D5FA8B",
                      "value": "2"
                    },
                    {
                      "label": "WMP",
                      "color": "#D5FA8B",
                      "value": "2"
                    },
                    {
                      "label": "SMP",
                      "color": "#D5FA8B",
                      "value": "2"
                    },
                    {
                      "label": "BMP",
                      "color": "#D5FA8B",
                      "value": "2"
                    }
                  ]

                }
              ]
            }
          ]
        }
      },
      {
        "id": "g3",
        "linkedchart": {
          "chart": {
            "showplotborder": "1",
            "theme": "fusion"
          },
          "category": [
            {
              "color": "#ffffff",
              "value": "22",
              "label": "Acetaminophen",

              "category": [
                {
                  "label": "Normal",
                  "color": "#F4CF68",
                  "value": "5",
                  "category": [
                    {
                      "label": "SWP",
                      "color": "#F4CF68",
                      "value": "1"
                    },
                    {
                      "label": "NWP",
                      "color": "#F4CF68",
                      "value": "1"
                    },

                    {
                      "label": "EWP",
                      "color": "#F4CF68",
                      "value": "1"
                    },
                    {
                      "label": "WWP",
                      "color": "#F4CF68",
                      "value": "1"
                    },
                    {
                      "label": "MBP",
                      "color": "#F4CF68",
                      "value": "1"
                    }
                  ]
                },
                {
                  "label": "Fast Track",
                  "color": "#87DCF9",
                  "value": "6",
                  "category": [
                    {
                      "label": "NWP",
                      "color": "#87DCF9",
                      "value": "2"
                    },
                    {
                      "label": "SWP",
                      "color": "#87DCF9",
                      "value": "1"
                    },
                    {
                      "label": "EWP",
                      "color": "#87DCF9",
                      "value": "1"
                    },
                    {
                      "label": "WWP",
                      "color": "#87DCF9",
                      "value": "1"
                    },
                    {
                      "label": "MBP",
                      "color": "#87DCF9",
                      "value": "1"
                    }
                  ]
                },
                {
                  "label": "Controlled",
                  "color": "#ffcccc",
                  "value": "5",
                  "category": [
                    {
                      "label": "NWP",
                      "color": "#ffcccc",
                      "value": "1"
                    },
                    {
                      "label": "SWP",
                      "color": "#ffcccc",
                      "value": "1"
                    },
                    {
                      "label": "EWP",
                      "color": "#ffcccc",
                      "value": "1"
                    },
                    {
                      "label": "WWP",
                      "color": "#ffcccc",
                      "value": "1"
                    },
                    {
                      "label": "MBP",
                      "color": "#ffcccc",
                      "value": "1"
                    }
                  ]
                },
                {
                  "label": "Refill",
                  "color": "#D5FA8B",
                  "value": "6",
                  "category": [
                    {
                      "label": "NMP",
                      "color": "#D5FA8B",
                      "value": "1"
                    },
                    {
                      "label": "EMP",
                      "color": "#D5FA8B",
                      "value": "2"
                    },
                    {
                      "label": "WMP",
                      "color": "#D5FA8B",
                      "value": "1"
                    },
                    {
                      "label": "SMP",
                      "color": "#D5FA8B",
                      "value": "1"
                    },
                    {
                      "label": "BMP",
                      "color": "#D5FA8B",
                      "value": "1"
                    }
                  ]

                }
              ]
            }
          ]
        }
      },
      {
        "id": "g4",
        "linkedchart": {
          "chart": {
            "showplotborder": "1",
            "theme": "fusion"
          },
          "category": [
            {
              "color": "#ffffff",
              "value": "30",
              "label": "Alprazolam",

              "category": [
                {
                  "label": "Normal",
                  "color": "#F4CF68",
                  "value": "8",
                  "category": [
                    {
                      "label": "SWP",
                      "color": "#F4CF68",
                      "value": "1"
                    },
                    {
                      "label": "NWP",
                      "color": "#F4CF68",
                      "value": "1"
                    },

                    {
                      "label": "EWP",
                      "color": "#F4CF68",
                      "value": "1"
                    },
                    {
                      "label": "WWP",
                      "color": "#F4CF68",
                      "value": "2"
                    },
                    {
                      "label": "MBP",
                      "color": "#F4CF68",
                      "value": "3"
                    }
                  ]
                },
                {
                  "label": "Fast Track",
                  "color": "#87DCF9",
                  "value": "8",
                  "category": [
                    {
                      "label": "NWP",
                      "color": "#87DCF9",
                      "value": "3"
                    },
                    {
                      "label": "SWP",
                      "color": "#87DCF9",
                      "value": "2"
                    },
                    {
                      "label": "EWP",
                      "color": "#87DCF9",
                      "value": "1"
                    },
                    {
                      "label": "WWP",
                      "color": "#87DCF9",
                      "value": "1"
                    },
                    {
                      "label": "MBP",
                      "color": "#87DCF9",
                      "value": "1"
                    }
                  ]
                },
                {
                  "label": "Controlled",
                  "color": "#ffcccc",
                  "value": "7",
                  "category": [
                    {
                      "label": "NWP",
                      "color": "#ffcccc",
                      "value": "2"
                    },
                    {
                      "label": "SWP",
                      "color": "#ffcccc",
                      "value": "1"
                    },
                    {
                      "label": "EWP",
                      "color": "#ffcccc",
                      "value": "2"
                    },
                    {
                      "label": "WWP",
                      "color": "#ffcccc",
                      "value": "1"
                    },
                    {
                      "label": "MBP",
                      "color": "#ffcccc",
                      "value": "1"
                    }
                  ]
                },
                {
                  "label": "Refill",
                  "color": "#D5FA8B",
                  "value": "7",
                  "category": [
                    {
                      "label": "NMP",
                      "color": "#D5FA8B",
                      "value": "3"
                    },
                    {
                      "label": "EMP",
                      "color": "#D5FA8B",
                      "value": "1"
                    },
                    {
                      "label": "WMP",
                      "color": "#D5FA8B",
                      "value": "1"
                    },
                    {
                      "label": "SMP",
                      "color": "#D5FA8B",
                      "value": "1"
                    },
                    {
                      "label": "BMP",
                      "color": "#D5FA8B",
                      "value": "1"
                    }
                  ]

                }
              ]
            }
          ]
        }
      }
    ]
  }
    },
    "patientsServedbyCounter":{
        "chart": {
            "baseFontSize": "12",
            "baseFont": "ROBOTO",
            "legendItemFont": "roboto",
            "theme": "fusion",
            "plotSpacePercent": "60",
            "paletteColors": "#DEA73F,#198CBF,#A1F1FB,#A3A1FB,#E35837,#A1FBDC"
          },
        
          "data": [
            {
              "label": "C1",
              "value": "35"
            },
            {
              "label": "C2",
              "value": "15"
            },
            {
              "label": "C3",
              "value": "20"
            },
            {
              "label": "C4",
              "value": "40"
            },
            {
              "label": "C5",
              "value": "25"
            },
            {
              "label": "C6",
              "value": "30"
            },
            {
              "label": "C7",
              "value": "35"
            },
            {
              "label": "C8",
              "value": "40"
            }
          ]
    },
    "serviceTypebyCounter":{
        "chart": {
            "baseFontSize": "12",
            "baseFont": "ROBOTO",
            "legendItemFont": "roboto",
            "theme": "fusion",
            "plotSpacePercent": "60",
            "drawcrossline": "0",
            "legendItemFontSize": "15",
            "showYAxisValues": "0",
            "legendPosition":"top-right"
          },
          "categories": [
            {
              "category": [
                {
                  "label": "C1"
                },
                {
                  "label": "C2"
                },
                {
                  "label": "C3"
                },
                {
                  "label": "C4"
                },
                {
                  "label": "C5"
                },
                {
                  "label": "C6"
                }
              ]
            }
          ],
          "dataset": [
            {
              "seriesname": "fast track",
              "color": "#FFDA83",
              "data": [
                {
                  "value": "60"
                },
                {
                  "value": "200"
                },
                {
                  "value": "200"
                },
                {
                  "value": "50"
                },
                {
                  "value": "230"
                },
                {
                  "value": "150"
                }
              ]
            },
            {
              "seriesname": "Nextday",
              "color": "#56D9FE",
              "data": [
                {
                  "value": "180"
                },
                {
                  "value": "330"
                },
                {
                  "value": "230"
                },
                {
                  "value": "160"
                },
                {
                  "value": "440"
                },
                {
                  "value": "350"
                }
              ]
            },
            {
              "seriesname": "Re-fills",
              "color": "#A3A1FB",
              "data": [
                {
                  "value": "210"
                },
                {
                  "value": "400"
                },
                {
                  "value": "450"
                },
                {
                  "value": "180"
                },
                {
                  "value": "570"
                },
                {
                  "value": "270"
                }
              ]
            },
            {
              "seriesname": "Controlled",
              "color": "#066006",
              "data": [
                {
                  "value": "350"
                },
                {
                  "value": "620"
                },
                {
                  "value": "410"
                },
                {
                  "value": "370"
                },
                {
                  "value": "720"
                },
                {
                  "value": "310"
                }
              ]
            },
            {
              "seriesname": "Normal",
              "color": "#FF8373",
              "data": [
                {
                  "value": "400"
                },
                {
                  "value": "830"
                },
                {
                  "value": "500"
                },
                {
                  "value": "420"
                },
                {
                  "value": "790"
                },
                {
                  "value": "380"
                }
              ]
            }
        
        
        
        
          ]
    },
    "waitTimeTrends":{
        "chart": {
            "baseFontSize": "12",
            "baseFont": "ROBOTO",
            "legendItemFont": "roboto",
            "legendBorderColor": "#cccccc",
            "legendBorderAlpha": "80",
            "legendBorderThickness": "1",
            "plotSpacePercent": "40",
            "columnHoverAlpha": "0",
            "valueFont": "ROBOTO",
            "legendPosition": "top-left",
            "plotHoverEffect": "0",
            "yaxisname": "Time (minutes)",
            "drawAnchors": false,
            "showPlotBorder": "1",
            "labelDisplay": "rotate",
            "rotateNames": "1",
            "useEllipsesWhenOverflow": "1",
            "plotBorderColor": "#B1B2B4",
            "showToolTip": "1",
            "showToolTipShadow": "1",
            "slantLabels": "1",
            "drawCustomLegendIcon": "1",
            "divLineColor": "#000",
            "numVDivLines": "6",
            "vDivLineThickness": "1",
            "vDivLineColor": "#000",
            "drawCrossLine": "0",
            "theme": "fusion",
            "xaxislineColor": "#bbb",
            "yaxislineColor": "#bbb",
            "showXAxisLine": "1",
            "showYAxisLine": "1",
            "plotToolText": "$seriesname $value",
            "useRoundEdges": 0,
            "showShadowAlpha": 0,
            "valueBgColor": "#808080",
            "valueBorderThickness": "3",
            "valueBorderColor": "#808080",
            "valueBorderRadius": "10"
        
          },
          "categories": [
            {
              "category": [{ "label": "06:00" }, { "label": "07:00" }, { "label": "08:00" }, { "label": "09:00" },
              { "label": "10:00" }, { "label": "11:00" }, { "label": "12:00" }, { "label": "13:00" },
              { "label": "14:00" }, { "label": "15:00" }, { "label": "16:00" }, { "label": "17:00" },
              { "label": "18:00" }, { "label": "19:00" }, { "label": "20:00" }, { "label": "21:00" },
              { "label": "22:00" }, { "label": "23:00" }, { "label": "00:00" }, { "label": "01:00" },
              { "label": "02:00" }, { "label": "03:00" }, { "label": "04:00" }, { "label": "05:00" }
              ]
            }
          ],
          "dataset": [
            {
              "seriesname": "Current Trends",
              "color": "#29C3BE",
              "renderas": "spline",
              "data": [
                { "value": "8" }, { "value": "9" }, { "value": "15" }, { "value": "12" },
                { "value": "5" }, { "value": "7" }, { "value": "2" }, { "value": "3" },
                { "value": "10" }, { "value": "3" }, { "value": "5" }, { "value": "13" },
                { "value": "12" }, { "value": "5" }, { "value": "6" }, { "value": "8" },
                { "value": "21" }, { "value": "8" }, { "value": "10" }, { "value": "10" },
                { "value": "13" }, { "value": "11" }, { "value": "8" }, { "value": "9" }
              ]
            },
            {
              "seriesname": "Avg Wait Time",
              "color": "#EAA931",
              "data": [
                { "value": "12" }, { "value": "5" }, { "value": "6" }, { "value": "18" },
                { "value": "21" }, { "value": "8" }, { "value": "10" }, { "value": "10" },
                { "value": "10" }, { "value": "10" }, { "value": "5" }, { "value": "13" },
                { "value": "15" }, { "value": "7" }, { "value": "20" }, { "value": "13" },
                { "value": "13" }, { "value": "11" }, { "value": "8" }, { "value": "19" },
                { "value": "8" }, { "value": "9" }, { "value": "15" }, { "value": "12" }
              ]
        
            },
            {
              "seriesname": "Patients",
              "valueFontColor": "#ffffff",
              "showvalues": "1",
              "numbersuffix": " ",
              "color": "#3E60A8",
              "data": [
                { "value": "6" }, { "value": "8" }, { "value": "10" }, { "value": "20" },
                { "value": "20" }, { "value": "25" }, { "value": "15" }, { "value": "16" },
                { "value": "18" }, { "value": "15" }, { "value": "15" }, { "value": "13" },
                { "value": "7" }, { "value": "5" }, { "value": "3" }, { "value": "4" },
                { "value": "2" }, { "value": "2" }, { "value": "2" }, { "value": "2" },
                { "value": "2" }, { "value": "1" }, { "value": "1" }, { "value": "1" }
              ]
        
            }
        
        
          ]
    }

}