{
    "patientsForEachService":{
        "type":"scrollbar2d",
        "width":"100%",
        "height":"400",
        "dataFormat":"JSON",
        "dataSource":{
          "chart": {
            "labelFont":"Roboto",
            "baseFontSize":"12",
            "baseFont":"Roboto",
            "aligncaptionwithcanvas": "0",
            "plottooltext": "<b>$dataValue</b> ",
            "theme": "fusion",
            "numvisibleplot": "10"
      
          },
          "categories": [{
            "category": [
              {
                "label": "CT scan (Computed axial tomography or CAT scan)"
              },
              {
                "label": "MRI (breast) core biopsy"
             },
              {
                "label": "Virtual Clonoscopy"
              },
              {
                "label": "Ultra Sound"
              },
              {
                "label": "X-Ray (radiographs)"
              },
              {
                "label": "Magnetic resonence imaging(MRI)scan"
              },
              {
                "label": "Tomosynthesis(3D mammography)"
              },
              {
                "label": "Ct lung cancer screening"
              },
              {
                "label": "Fluoroscopy"
              },
              {
                "label": "Breast MRI"
              },
              {
                "label": "Cardiac SPECT perfusion"
              },
              {
                "label": "Bone density scan"
              },
              {
                "label": "Mammography"
              },
              {
                "label": "Cardiac PET Sarcoid"
                },
              {
                "label": "PET/CT scanning"
                  },
              {
                "label": "Digital Mammography"
              },
              {
                "label": "Ductogram"
              },
              {
                "label": "Radioembolization"
              },
              {
                "label": "Stereotatic(breast)core biopsy"
              },
              {
                "label": "Fallopian tube recanalization"
              },
              {
                "label": "UFE(Uterine fibroid embolization)"
              },
              {
                "label": "Breast MRI"
              }
            ]
          }],
          
          "dataset":[{
            "data": [
              {
                "value": "41",
                "link":"newchart-JSON-b1"
              },
              {
                "value": "39",
                "link":"newchart-JSON-b4"
        
              },
              {
                "value": "39",
                "link":"newchart-JSON-b4"
              },
              {
                "value": "39",
                "link":"newchart-JSON-b4"
              },
              {
                "value": "26",
                "link":"newchart-JSON-b3"
              },
              {
                "value": "25",
                "link":"newchart-JSON-b2"
              },
              {
                "value": "25",
                "link":"newchart-JSON-b2"
              },
              {
                "value": "24",
                "link":"newchart-JSON-b1"
              },
              {
                "value": "23",
                "link":"newchart-JSON-b1"
              },
              {
                "value": "22",
                "link":"newchart-JSON-b1"
              },
              {
                "value": "25",
                "link":"newchart-JSON-b2"
              },
              {
                "value": "16",
                "link":"newchart-JSON-b1"
              },
              {
                "value": "15",
                "link":"newchart-JSON-b8"
              },
              {
                "value": "15",
                "link":"newchart-JSON-b8"      },
              {
                "value": "15",
                "link":"newchart-JSON-b8"      },
              {
                "value": "25",
                "link":"newchart-JSON-b2"
              },
              {
                "value": "10",
                "link":"newchart-JSON-b1"
              },
              {
                "value": "5",
                "link":"newchart-JSON-b7"
              },
              {
                "value": "4",
                "link":"newchart-JSON-b6"
              },
              {
                "value": "1",
                "link":"newchart-JSON-b5"
              },
              {
                "value": "1",
                "link":"newchart-JSON-b5"
              },
              {
                "value": "1",
                "link":"newchart-JSON-b5"
              }
              
            ]
          }],
          "linkeddata": [
            {
              "id": "b1",
              "linkedchart": {
                
                "chart": {
                  
                  "labelFont":"Roboto",
                  "baseFontSize":"12",
                  "baseFont":"Roboto",      
                  "plotToolText":"$seriesname $value Patients at $label",
                  "theme": "fusion",
                  "showlegend":"1",
                  "yaxisMaxValue":"25",
                  "legendPosition":"right",
                  "legendBorderAlpha":"80",
                  "legendBorderColor":"#cccccc",
                  "legendBorderThickness":"1"
                },
                "categories": [
                  {
                    "category": [
                      {"label": "09:00"},{"label": "10:00"},{"label": "11:00"},{"label": "12:00"},
                      {"label": "13:00"},{"label": "14:00"},{"label": "15:00"},{"label": "16:00"},
                      {"label": "17:00"},{"label": "18:00"},{"label": "19:00"},{"label": "20:00"}
      
                    ]
                  }
                ],
                "dataset": [
                  {
                    "seriesname": "Appointments",
                    "data": [
                    {"value":"20"},{"value":"2"},{"value":"3"},{"value":"2"},{"value":"2"},{"value":"2"},
                    {"value":"1"},{"value":"2"},{"value":"2"},{"value":"1"},{"value":"3"},{"value":"2"}
                    ]
                  },
                  {
                    "seriesname": "CheckedIn",
                    "data": [
                      {"value":"15"},{"value":"2"},{"value":"1"},{"value":"1"},{"value":"1"},{"value":""},
                      {"value":""},{"value":"2"},{"value":"2"},{"value":"1"},{"value":""},{"value":""}
                      ]
                  }, {
                    "seriesname": "NoShow",
                    "color":"#FFC533",
                    "data": [
                      {"value":"5"},{"value":""},{"value":"2"},{"value":"1"},{"value":"1"},{"value":"2"},
                      {"value":"1"},{"value":""},{"value":""},{"value":""},{"value":"3"},{"value":"2"}
                      ]
                  }
                ]
                
              }
            },
            {
              "id": "b2",
              "linkedchart": {
                
                "chart": {
                  "labelFont":"Roboto",
                  "baseFontSize":"12",
                  "baseFont":"Roboto",
                  "plotToolText":"$seriesname $value Patients at $label",
                  "showlegend":"1",
                  "legendPosition":"right",
                  "legendBorderAlpha":"80",
                  "legendBorderColor":"#cccccc",
                  "legendBorderThickness":"1",
                  "theme": "fusion",
                  "setAdaptiveYMin":"1"
                },
                "categories": [
                  {
                    "category": [
                      {"label": "09:00"},{"label": "10:00"},{"label": "11:00"},{"label": "12:00"},
                      {"label": "13:00"},{"label": "14:00"},{"label": "15:00"},{"label": "16:00"},
                      {"label": "17:00"},{"label": "18:00"},{"label": "19:00"},{"label": "20:00"}
      
                    ]
                  }
                ],
                "dataset": [
                  {
                    "seriesname": "Appointments",
                    "data": [
                    {"value":"4"},{"value":"2"},{"value":"3"},{"value":"2"},{"value":"2"},{"value":"2"},
                    {"value":"1"},{"value":"2"},{"value":"2"},{"value":"1"},{"value":"3"},{"value":"2"}
                    ]
                  },
                  {
                    "seriesname": "CheckedIn",
                    "data": [
                      {"value":"3"},{"value":"2"},{"value":"1"},{"value":"1"},{"value":"1"},{"value":""},
                      {"value":""},{"value":"2"},{"value":"2"},{"value":"1"},{"value":""},{"value":""}
                      ]
                  }, {
                    "seriesname": "NoShow",
                    "color":"#FFC533",
                    "data": [
                      {"value":"2"},{"value":""},{"value":"2"},{"value":"1"},{"value":"1"},{"value":"2"},
                      {"value":"1"},{"value":""},{"value":""},{"value":""},{"value":"3"},{"value":"2"}
                      ]
                  }
                ]
                
              }
            },
            {
              "id": "b3",
              "linkedchart": {
                
                "chart": {
                  "labelFont":"Roboto",
                  "baseFontSize":"12",
                  "baseFont":"Roboto",
                  "plotToolText":"$seriesname $value Patients at $label",
                  "showlegend":"1",
                  "legendPosition":"right",
                  "legendBorderAlpha":"80",
                  "legendBorderColor":"#cccccc",
                  "legendBorderThickness":"1",
                  "theme": "fusion",
                  "setAdaptiveYMin":"1"
                },
                "categories": [
                  {
                    "category": [
                      {"label": "09:00"},{"label": "10:00"},{"label": "11:00"},{"label": "12:00"},
                      {"label": "13:00"},{"label": "14:00"},{"label": "15:00"},{"label": "16:00"},
                      {"label": "17:00"},{"label": "18:00"},{"label": "19:00"},{"label": "20:00"}
      
                    ]
                  }
                ],
                "dataset": [
                  {
                    "seriesname": "Appointments",
                    "data": [
                    {"value":"4"},{"value":"2"},{"value":"3"},{"value":"2"},{"value":"2"},{"value":"2"},
                    {"value":"2"},{"value":"2"},{"value":"2"},{"value":"1"},{"value":"3"},{"value":"2"}
                    ]
                  },
                  {
                    "seriesname": "CheckedIn",
                    "data": [
                      {"value":"3"},{"value":"2"},{"value":"1"},{"value":"1"},{"value":"1"},{"value":""},
                      {"value":"1"},{"value":"2"},{"value":"2"},{"value":"1"},{"value":""},{"value":""}
                      ]
                  }, {
                    "seriesname": "NoShow",
                    "color":"#FFC533",
                    "data": [
                      {"value":"2"},{"value":""},{"value":"2"},{"value":"1"},{"value":"1"},{"value":"2"},
                      {"value":"1"},{"value":""},{"value":""},{"value":""},{"value":"3"},{"value":"2"}
                      ]
                  }
                ]
                
              }
            },
            {
              "id": "b4",
              "linkedchart": {
                
                "chart": {
                  "labelFont":"Roboto",
                  "baseFontSize":"12",
                  "baseFont":"Roboto",
                  "plotToolText":"$seriesname $value Patients at $label",
                  "showlegend":"1",
                  "legendPosition":"right",
                  "legendBorderAlpha":"80",
                  "legendBorderColor":"#cccccc",
                  "legendBorderThickness":"1",
                  "theme": "fusion",
                  "setAdaptiveYMin":"1"
                },
                "categories": [
                  {
                    "category": [
                      {"label": "09:00"},{"label": "10:00"},{"label": "11:00"},{"label": "12:00"},
                      {"label": "13:00"},{"label": "14:00"},{"label": "15:00"},{"label": "16:00"},
                      {"label": "17:00"},{"label": "18:00"},{"label": "19:00"},{"label": "20:00"}
      
                    ]
                  }
                ],
                "dataset": [
                  {
                    "seriesname": "Appointments",
                    "data": [
                    {"value":"4"},{"value":"2"},{"value":"1"},{"value":"2"},{"value":"2"},{"value":"2"},
                    {"value":"1"},{"value":"2"},{"value":"2"},{"value":"1"},{"value":"3"},{"value":"2"}
                    ]
                  },
                  {
                    "seriesname": "CheckedIn",
                    "data": [
                      {"value":"3"},{"value":"2"},{"value":"1"},{"value":"1"},{"value":"1"},{"value":""},
                      {"value":""},{"value":"2"},{"value":"2"},{"value":"1"},{"value":""},{"value":""}
                      ]
                  }, {
                    "seriesname": "NoShow",
                    "color":"#FFC533",
                    "data": [
                      {"value":"2"},{"value":""},{"value":"0"},{"value":"1"},{"value":"1"},{"value":"2"},
                      {"value":"1"},{"value":""},{"value":""},{"value":""},{"value":"3"},{"value":"2"}
                      ]
                  }
                ]
                
              }
            },
            {
              "id": "b5",
              "linkedchart": {
                
                "chart": {
                  "labelFont":"Roboto",
                  "baseFontSize":"12",
                  "baseFont":"Roboto",
                  "plotToolText":"$seriesname $value Patients at $label",
                  "showlegend":"1",
                  "legendPosition":"right",
                  "legendBorderAlpha":"80",
                  "legendBorderColor":"#cccccc",
                  "legendBorderThickness":"1",
                  "theme": "fusion",
                  "setAdaptiveYMin":"1"
                },
                "categories": [
                  {
                    "category": [
                      {"label": "09:00"},{"label": "10:00"},{"label": "11:00"},{"label": "12:00"},
                      {"label": "13:00"},{"label": "14:00"},{"label": "15:00"},{"label": "16:00"},
                      {"label": "17:00"},{"label": "18:00"},{"label": "19:00"},{"label": "20:00"}
      
                    ]
                  }
                ],
                "dataset": [
                  {
                    "seriesname": "Appointments",
                    "data": [
                    {"value":"1"},{"value":""},{"value":""},{"value":""},{"value":""},{"value":""},
                    {"value":""},{"value":""},{"value":""},{"value":""},{"value":""},{"value":""}
                    ]
                  },
                  {
                    "seriesname": "CheckedIn",
                    "data": [
                      {"value":"1"},{"value":""},{"value":""},{"value":""},{"value":""},{"value":""},
                      {"value":""},{"value":""},{"value":""},{"value":""},{"value":""},{"value":""}
                      ]
                  }, {
                    "seriesname": "NoShow",
                    "color":"#FFC533",
                    "data": [
                      {"value":""},{"value":""},{"value":""},{"value":""},{"value":""},{"value":""},
                      {"value":""},{"value":""},{"value":""},{"value":""},{"value":""},{"value":""}
                      ]
                  }
                ]
                
              }
            },
            {
              "id": "b6",
              "linkedchart": {
                
                "chart": {
                  "labelFont":"Roboto",
                  "baseFontSize":"12",
                  "baseFont":"Roboto",
                  "plotToolText":"$seriesname $value Patients at $label",
                  "showlegend":"1",
                  "legendPosition":"right",
                  "legendBorderAlpha":"80",
                  "legendBorderColor":"#cccccc",
                  "legendBorderThickness":"1",
                  "theme": "fusion",
                  "setAdaptiveYMin":"1"
                },
                "categories": [
                  {
                    "category": [
                      {"label": "09:00"},{"label": "10:00"},{"label": "11:00"},{"label": "12:00"},
                      {"label": "13:00"},{"label": "14:00"},{"label": "15:00"},{"label": "16:00"},
                      {"label": "17:00"},{"label": "18:00"},{"label": "19:00"},{"label": "20:00"}
      
                    ]
                  }
                ],
                "dataset": [
                  {
                    "seriesname": "Appointments",
                    "data": [
                    {"value":""},{"value":"2"},{"value":""},{"value":""},{"value":""},{"value":""},
                    {"value":""},{"value":""},{"value":""},{"value":"2"},{"value":""},{"value":""}
                    ]
                  },
                  {
                    "seriesname": "CheckedIn",
                    "data": [
                      {"value":""},{"value":"1"},{"value":""},{"value":""},{"value":""},{"value":""},
                      {"value":""},{"value":""},{"value":""},{"value":""},{"value":""},{"value":""}
                      ]
                  }, {
                    "seriesname": "NoShow",
                    "color":"#FFC533",
                    "data": [
                      {"value":""},{"value":"1"},{"value":""},{"value":""},{"value":""},{"value":""},
                      {"value":""},{"value":""},{"value":""},{"value":"2"},{"value":""},{"value":""}
                      ]
                  }
                ]
                
              }
            },
            
            {
              "id": "b7",
              "linkedchart": {
                
                "chart": {
                  "labelFont":"Roboto",
                  "baseFontSize":"12",
                  "baseFont":"Roboto",
                  "plotToolText":"$seriesname $value Patients at $label",
                  "showlegend":"1",
                  "legendPosition":"top-center",
                  "legendBorderAlpha":"80",
                  "legendBorderColor":"#cccccc",
                  "legendBorderThickness":"1",
                  "theme": "fusion",
                  "setAdaptiveYMin":"1"
                },
                "categories": [
                  {
                    "category": [
                      {"label": "09:00"},{"label": "10:00"},{"label": "11:00"},{"label": "12:00"},
                      {"label": "13:00"},{"label": "14:00"},{"label": "15:00"},{"label": "16:00"},
                      {"label": "17:00"},{"label": "18:00"},{"label": "19:00"},{"label": "20:00"}
      
                    ]
                  }
                ],
                "dataset": [
                  {
                    "seriesname": "Appointments",
                    "data": [
                    {"value":"1"},{"value":"2"},{"value":""},{"value":""},{"value":""},{"value":""},
                    {"value":""},{"value":""},{"value":""},{"value":"2"},{"value":""},{"value":""}
                    ]
                  },
                  {
                    "seriesname": "CheckedIn",
                    "data": [
                      {"value":"1"},{"value":"1"},{"value":""},{"value":""},{"value":""},{"value":""},
                      {"value":""},{"value":""},{"value":""},{"value":""},{"value":""},{"value":""}
                      ]
                  }, {
                    "seriesname": "NoShow",
                    "color":"#FFC533",
                    "data": [
                      {"value":""},{"value":"1"},{"value":""},{"value":""},{"value":""},{"value":""},
                      {"value":""},{"value":""},{"value":""},{"value":"2"},{"value":""},{"value":""}
                      ]
                  }
                ]
                
              }
            },
            {
              "id": "b8",
              "linkedchart": {
                
                "chart": {
                  "plotToolText":"$seriesname $value Patients at $label",
                  "showlegend":"1",
                  "legendPosition":"top-center",
                  "legendBorderAlpha":"80",
                  "legendBorderColor":"#cccccc",
                  "legendBorderThickness":"1",
                  "theme": "fusion",
                  "setAdaptiveYMin":"1"
                },
                "categories": [
                  {
                    "category": [
                      {"label": "09:00"},{"label": "10:00"},{"label": "11:00"},{"label": "12:00"},
                      {"label": "13:00"},{"label": "14:00"},{"label": "15:00"},{"label": "16:00"},
                      {"label": "17:00"},{"label": "18:00"},{"label": "19:00"},{"label": "20:00"}
      
                    ]
                  }
                ],
                "dataset": [
                  {
                    "seriesname": "Appointments",
                    "data": [
                    {"value":"1"},{"value":"2"},{"value":""},{"value":"3"},{"value":""},{"value":""},
                    {"value":""},{"value":"3"},{"value":""},{"value":"2"},{"value":"4"},{"value":""}
                    ]
                  },
                  {
                    "seriesname": "CheckedIn",
                    "data": [
                      {"value":"1"},{"value":"1"},{"value":""},{"value":"2"},{"value":""},{"value":""},
                      {"value":""},{"value":"3"},{"value":""},{"value":""},{"value":"2"},{"value":""}
                      ]
                  }, {
                    "seriesname": "NoShow",
                    "color":"#FFC533",
                    "data": [
                      {"value":""},{"value":"1"},{"value":""},{"value":"1"},{"value":""},{"value":""},
                      {"value":""},{"value":""},{"value":""},{"value":"2"},{"value":"2"},{"value":""}
                      ]
                  }
                ]
                
              }
            }
          ]
        }
    },
    "avgWaitTime":{
        "chart": {
            "labelFont":"Roboto",
            "baseFontSize":"12",
            "baseFont":"Roboto",
              "legendBorderColor": "#cccccc",
              "legendBorderAlpha": "80",
              "legendBorderThickness": "1",
              "yaxisname": "Time",
              "showhovereffect": "1",
              "numbersuffix": "min",
              "drawCrossLine": 0,
              "plottooltext": "$seriesName <b>$dataValue</b>",
              "theme": "fusion",
              "anchorHoverRadius": "8"
      
          },
          "categories": [
              {
                  "category": [
                      { "label": "CT Scan" }, { "label": "MRI" }, { "label": "X-Ray" }, { "label": "PET" }, { "label": "UFE" },
                      { "label": "Ductogram" }, { "label": "Breast MRI" }, { "label": "Fluroscopy" }, { "label": "Ultra Sound" }, { "label": "Tomosynthesis" },
                      { "label": "Mammography" }, { "label": "Cardiac PET Sarcoid" }, { "label": "Bone Density Scan " }, { "label": "Radioembolization " }, { "label": "Digital Mammography" },
                      { "label": "LYM" }
                  ]
              }
          ],
          "dataset": [
              {
                  "seriesname": "Serve time",
                  "anchorBgColor": "#5D62B5",
                  "anchorBorderColor": "#5D62B5",
      
                  "data": [
                      { "value": "29" }, { "value": "32" }, { "value": "31" }, { "value": "32" }, { "value": "28" },
                      { "value": "31" }, { "value": "32" }, { "value": "31" }, { "value": "27" }, { "value": "30" },
                      { "value": "26" }, { "value": "31" }, { "value": "29" }, { "value": "29" }, { "value": "28" },
                      { "value": "31" }, { "value": "32" }, { "value": "31" }, { "value": "27" }, { "value": "30" },
                      { "value": "31" }, { "value": "30" }, { "value": "31" }, { "value": "27" }, { "value": "30" }
      
                  ]
              },
              {
                  "seriesname": "Wait time",
                  "anchorBgColor": "#29C3BE",
                  "anchorBorderColor": "#29C3BE",
                  "data": [
                      { "value": "25" }, { "value": "24" }, { "value": "25" }, { "value": "20" }, { "value": "21" },
                      { "value": "22" }, { "value": "24" }, { "value": "24" }, { "value": "22" }, { "value": "25" },
                      { "value": "23" }, { "value": "22" }, { "value": "23" }, { "value": "25" }, { "value": "24" },
                      { "value": "22" }, { "value": "22" }, { "value": "24" }, { "value": "24" }, { "value": "23" },
                      { "value": "22" }, { "value": "23" }, { "value": "24" }, { "value": "23" }, { "value": "21" }
      
                  ]
              }      
      
          ]
    },
    "waitTimeTrends":{
        "chart": {
            "baseFontSize": "12",
            "baseFont": "ROBOTO",
            "legendItemFont": "roboto",
            "legendBorderColor": "#cccccc",
            "legendBorderAlpha": "80",
            "legendBorderThickness": "1",
            "plotSpacePercent": "40",
            "columnHoverAlpha": "0",
            "valueFont": "ROBOTO",
            "legendPosition": "top-left",
            "plotHoverEffect": "0",
            "yaxisname": "Time (minutes)",
            "drawAnchors": false,
            "showPlotBorder": "1",
            "labelDisplay": "rotate",
            "rotateNames": "1",
            "useEllipsesWhenOverflow": "1",
            "plotBorderColor": "#B1B2B4",
            "showToolTip": "1",
            "showToolTipShadow": "1",
            "slantLabels": "1",
            "drawCustomLegendIcon": "1",
            "divLineColor": "#000",
            "numVDivLines": "6",
            "vDivLineThickness": "1",
            "vDivLineColor": "#000",
            "drawCrossLine": "0",
            "theme": "fusion",
            "xaxislineColor": "#bbb",
            "yaxislineColor": "#bbb",
            "showXAxisLine": "1",
            "showYAxisLine": "1",
            "plotToolText": "$seriesname $value",
            "useRoundEdges": 0,
            "showShadowAlpha": 0,
            "valueBgColor": "#808080",
            "valueBorderThickness": "3",
            "valueBorderColor": "#808080",
            "valueBorderRadius": "10"
        
          },
          "categories": [
            {
              "category": [{ "label": "06:00" }, { "label": "07:00" }, { "label": "08:00" }, { "label": "09:00" },
              { "label": "10:00" }, { "label": "11:00" }, { "label": "12:00" }, { "label": "13:00" },
              { "label": "14:00" }, { "label": "15:00" }, { "label": "16:00" }, { "label": "17:00" },
              { "label": "18:00" }, { "label": "19:00" }, { "label": "20:00" }, { "label": "21:00" },
              { "label": "22:00" }, { "label": "23:00" }, { "label": "00:00" }, { "label": "01:00" },
              { "label": "02:00" }, { "label": "03:00" }, { "label": "04:00" }, { "label": "05:00" }
              ]
            }
          ],
          "dataset": [
            {
              "seriesname": "Current Trends",
              "color": "#29C3BE",
              "renderas": "spline",
              "data": [
                { "value": "8" }, { "value": "9" }, { "value": "15" }, { "value": "12" },
                { "value": "5" }, { "value": "7" }, { "value": "2" }, { "value": "3" },
                { "value": "10" }, { "value": "3" }, { "value": "5" }, { "value": "13" },
                { "value": "12" }, { "value": "5" }, { "value": "6" }, { "value": "8" },
                { "value": "21" }, { "value": "8" }, { "value": "10" }, { "value": "10" },
                { "value": "13" }, { "value": "11" }, { "value": "8" }, { "value": "9" }
              ]
            },
            {
              "seriesname": "Avg Wait Time",
              "color": "#EAA931",
              "data": [
                { "value": "12" }, { "value": "5" }, { "value": "6" }, { "value": "18" },
                { "value": "21" }, { "value": "8" }, { "value": "10" }, { "value": "10" },
                { "value": "10" }, { "value": "10" }, { "value": "5" }, { "value": "13" },
                { "value": "15" }, { "value": "7" }, { "value": "20" }, { "value": "13" },
                { "value": "13" }, { "value": "11" }, { "value": "8" }, { "value": "19" },
                { "value": "8" }, { "value": "9" }, { "value": "15" }, { "value": "12" }
              ]
        
            },
            {
              "seriesname": "Patients",
              "valueFontColor": "#ffffff",
              "showvalues": "1",
              "numbersuffix": " ",
              "color": "#3E60A8",
              "data": [
                { "value": "6" }, { "value": "8" }, { "value": "10" }, { "value": "20" },
                { "value": "20" }, { "value": "25" }, { "value": "15" }, { "value": "16" },
                { "value": "18" }, { "value": "15" }, { "value": "15" }, { "value": "13" },
                { "value": "7" }, { "value": "5" }, { "value": "3" }, { "value": "4" },
                { "value": "2" }, { "value": "2" }, { "value": "2" }, { "value": "2" },
                { "value": "2" }, { "value": "1" }, { "value": "1" }, { "value": "1" }
              ]
        
            }
        
        
          ]
    },
    "patientsByService":{
        "chart": {
            "labelFont":"Roboto",
            "baseFontSize":"12",
            "legendItemFontSize":"15",
            "baseFont":"Roboto",
            "theme": "fusion",
            "plotSpacePercent": "60",
            "drawcrossline": "0",
            "legendPosition":"top-right",
            "showYAxisValues":"0",
            "minPlotHeightForValue": "1",
            "legendBorderColor": "#cccccc",
            "legendBorderAlpha": "80",
            "legendBorderThickness": "1"
            
          },
          "categories": [
            {
              "category": [
                {"label": "CT Scan"},{"label": "MRI"},{"label": "X-Ray"},{"label": "PET"},{"label": "UFE"},{"label": "Ductogram"},
                {"label": "Brest MRI"},{"label": "Fluroscopy"},{"label": "Ultra Sound"},{"label": "Tomosynthesis"},{"label": "Mammography"},{"label": "Biopsy"},
                {"label": "Cardiac PET Sarcoid"},{"label": "Bone density scan"},{"label": "Radio emboilization"},{"label": "DigitalMammography"},{"label":"Stereotactic core biopsy"}
              ]
            }
          ],
          "dataset": [
              
              {
                  "seriesname": "In-Care",
                  "color":"#036C3F",
                  "data": [
                      {"value": "100"},{"value": "0"},{"value": "50"},{"value": "0"},{"value": "60"},{"value": "120"},
                      {"value": "75"},{"value": "100"},{"value": "140"},{"value": "150"},{"value": "80"},{"value": "20"},
                      {"value": "65"},{"value": "40"},{"value": "180"}, {"value":"20"} ,{"value":"110"}         ]
                },
             
              {
                  "seriesname": "No-Show",
                  "color":"#FF8373",
                  "data": [
                      {"value": "40"},{"value": "20"},{"value": ""},{"value": "5"},{"value": "70"},{"value":""}, 
                      {"value": "50"},{"value": "60"},{"value": "75"},{"value": "35"},{"value": "40"},{"value": "10"},
                      {"value": "30"},{"value": "0"},{"value": "10"},{"value": "70"},{"value": "90"}            ]
                },
             {
              "seriesname": "Check-Ins",
              "color":"#56D9FE",
              "data": [
                  {"value": "80"},{"value": "80"},{"value": "120"},{"value": "55"},{"value": "50"},{"value": "180"},
                  {"value": "100"},{"value": "100"},{"value": "75"},{"value": "50"},{"value": "70"},{"value": "40"},
                  {"value": "60"},{"value": "90"},{"value": "0"},{"value": "200"}     ]
      
            },
            {
                  "seriesname": "Appointments",
                  "color":"#A3A1FB",
                  "data": [
                    {"value": "220"},{"value": "100"},{"value": "150"},{"value": "60"},{"value": "180"},{"value": "300"},
                    {"value": "225"},{"value": "260"},{"value": "300"},{"value": "235"},{"value": "190"},{"value": "70"},
                    {"value": "155"},{"value": "130"},{"value": "190"},{"value": "290"},{"value": "200"}
      
      
                  ]
                }
          
           
           
          ]
    }
}