{
    "totalJourneyTime": 120,
    "patientName": "Jack Sparrow",
    "patientVisitsData": [
        {
            "fName": "Jack ",
            "lName": "Sparrow",
            "time": "12-07-2020 10:00 AM"
        },
        {
            "fName": "Jack ",
            "lName": "Sparrow",
            "time": "15-07-2020 11:00 AM"
        },
        {
            "fName": "Jack ",
            "lName": "Sparrow",
            "time": "20-07-2020 12:00 PM"
        }
    ],
    "tokensData": {
        "TokenNo": "RA15",
        "Appointment": "12-07-20 16:00 PM",
        "AvgWaitTime": "12 min",
        "AvgCareTime": "12 min",
        "AvgTransitTime": "15 min",
        "AvgTransactionTime": "15 min",
        "patinetName": "Jack Sparrow",
        "mrnNo": "112233",
        "checkin": "15-07-20 16:00 PM"
    },
    
    "notificationsData": {
        "sms": "3",
        "email": "3",
        "push": "1",
        "whatsp": "5"
    },
    "journeymapData": {
        "chart": {
            "outputdateformat": "hh12:mn",
            "drawCrossline": "0",
            "ganttpaneduration": "22",
            "ganttpanedurationunit": "h",
            "theme": "fusion",
            "useverticalscrolling": "0",
            "baseFont": "Roboto",
            "labelFont": "Roboto",
            "showTaskLabels": false,
            "ganttPaneDuration": 12,
            "ganttPaneDurationUnit": "h",
            "showHoverBand": false,
            "valuePadding": "25",
            "chartBottomMargin": "30",
            "ganttLineColor": "#ddd",
            "bgColor": "#F6F6F6",
            "captionPadding": "20",
            "milestoneFont": "Roboto"
        },
        "milestones": {
            "milestone": [
                {
                    "date": "10:28",
                    "taskid": "10",
                    "color": "#F2726F",
                    "shape": "polygon",
                    "tooltext": "Patient Checked in"
                },
                {
                    "date": "10:38",
                    "taskid": "11",
                    "color": "#F2726F",
                    "fontsize": "10",
                    "shape": "star",
                    "tooltext": "Radiology done"
                },
                {
                    "date": "10:44",
                    "taskid": "12",
                    "color": "#F2726F",
                    "fontsize": "10",
                    "shape": "star",
                    "tooltext": "Medicine despatched"
                },
                {
                    "date": "10:17",
                    "taskid": "8",
                    "color": "#F2726F",
                    "fontsize": "14",
                    "shape": "star",
                    "tooltext": "Bill paid"
                }
            ]
        },
        "tasks": {
            "font":"Roboto",
            "task": [
                {
                    "id": "8",
                    "start": "10:00",
                    "end": "10:15",
                    "color": "#5D62B5",
                    "label": "15 min",
                    "showLabel": "1",
                    "topPadding": "20px"
                },
                {
                    "id": "9",
                    "start": "10:20",
                    "end": "10:22",
                    "color": "#29C3BE",
                    "label": "2 min",
                    "showLabel": "1",
                    "topPadding": "20px"
                },
                {
                    "id": "10",
                    "start": "10:23",
                    "end": "10:26",
                    "color": "#5D62B5",
                    "label": "3 min",
                    "showLabel": "1",
                    "topPadding": "20px"
                },
                {
                    "id": "11",
                    "start": "10:28",
                    "end": "10:36",
                    "color": "#67CDF2",
                    "label": "8 min",
                    "showLabel": "1",
                    "topPadding": "20px"
                },
                {
                    "id": "12",
                    "start": "10:37",
                    "end": "10:42",
                    "color": "#FFC533",
                    "label": "5 min",
                    "showLabel": "1",
                    "topPadding": "20px"
                },
                {
                    "id": "13",
                    "start": "10:44",
                    "end": "10:48",
                    "color": "#67CDF2",
                    "label": "4 min",
                    "showLabel": "1",
                    "topPadding": "20px"
                },
                {
                    "id": "13",
                    "start": "11:00",
                    "end": "11:12",
                    "color": "#67CDF2",
                    "label": "12 min",
                    "showLabel": "1",
                    "topPadding": "20px"
                },
                {
                    "id": "14",
                    "start": "11:15",
                    "end": "11:30",
                    "color": "#67CDF2",
                    "label": "15 min",
                    "showLabel": "1",
                    "topPadding": "20px"
                }
            ]
        },
        "processes": {
            "fontsize": "14",
            "isbold": "0",
            "align": "left",
            "headerbgcolor": "#F6F6F6",
            "bgColor": "F6F6F6",
            "process": [
                {
                    "label": "Checkin"
                },
                {
                    "label": "Waiting"
                },
                {
                    "label": "Vital"
                },
                {
                    "label": "Doctor"
                },
                {
                    "label": "Laboratory"
                },
                {
                    "label": "Radiology"
                },
                {
                    "label": "Pharmacy"
                },
                {
                    "label": "Billing"
                }
            ]
        },
        "categories": [
            {
                "align": "center",
                "fontWeight": "normal",
                "valign": "bottom",
                "category": [
                    {
                        "start": "10:00",
                        "end": "10:15",
                        "label": "10:15",
                        "bgcolor": "#F6F6F6"
                    },
                    {
                        "start": "10:15",
                        "end": "10:30",
                        "label": "10:30",
                        "bgcolor": "#F6F6F6"
                    },
                    {
                        "start": "10:30",
                        "end": "10:45",
                        "label": "10:45",
                        "bgcolor": "#F6F6F6"
                    },
                    {
                        "start": "10:45",
                        "end": "11:00",
                        "label": "11:00",
                        "bgcolor": "#F6F6F6"
                    },
                    {
                        "start": "11:00",
                        "end": "11:15",
                        "label": "11:15",
                        "bgcolor": "#F6F6F6"
                    },
                    {
                        "start": "11:15",
                        "end": "11:30",
                        "label": "11:30",
                        "bgcolor": "#F6F6F6"
                    },
                    {
                        "start": "11:30",
                        "end": "11:45",
                        "label": "11:45",
                        "bgcolor": "#F6F6F6"
                    },
                    {
                        "start": "11:45",
                        "end": "12:00",
                        "label": "12:00",
                        "bgcolor": "#F6F6F6"
                    }
                ]
            }
        ]
    }
}