{
    "baseUrl": "http://202.65.159.118:9098/",
    "components": [
        {
            "apiUrl": "",
            "component": "Auth",
            "methods": [
                {
                    "name": "userLogin",
                    "type": "POST",
                    "url": "auth/login"
                },
                {
                    "name": "getCurrentDate",
                    "type": "GET",
                    "url": "auth/{userid}/current-date-time"
                }
            ]
        },
        {
            "apiUrl": "",
            "component": "UserProfileManagement",
            "methods": [
                {
                    "name": "getProfileByUserId",
                    "type": "GET",
                    "url": "profile/{userid}/profile/details"
                },
                {
                    "name": "updateUserProfileImage",
                    "type": "PUT",
                    "url": "profile/{userid}/image/update"
                },
                {
                    "name": "updateUserProfile",
                    "type": "PUT",
                    "url": "profile/{userid}/update/profile"
                }
            ]
        },
        {
            "apiUrl": "",
            "component": "FileUpload",
            "methods": [
                {
                    "name": "getFile",
                    "type": "GET",
                    "url": "file/{image}"
                },
                {
                    "name": "uploadFile",
                    "type": "POST",
                    "url": "file/{userid}/upload"
                }
            ]
        },
        {
            "apiUrl": "",
            "component": "University",
            "methods": [
                {
                    "name": "getAllUniverties",
                    "type": "GET",
                    "url": "university/{userid}/all"
                },
                {
                    "name": "createUniversity",
                    "type": "POST",
                    "url": "university/{userid}/create"
                },
                {
                    "name": "updateUniversity",
                    "type": "PUT",
                    "url": "university/{userid}/update"
                },
                {
                    "name": "updateUniversityLogo",
                    "type": "PUT",
                    "url": "university/{userid}/logo-update/{universityid}"
                },
                {
                    "name": "updateUniversityTheme",
                    "type": "PUT",
                    "url": "university/{userid}/theme-update/{universityid}/{themeid}"
                },
                {
                    "name": "updateUniversityLogoAndTheme",
                    "type": "PUT",
                    "url": "university/{userid}/logo-update/{universityid}"
                }
            ]
        },
        {
            "apiUrl": "",
            "component": "UserMangement",
            "methods": [
                {
                    "name": "getAllUsers",
                    "type": "GET",
                    "url": "user/{userid}/all/users"
                },
                {
                    "name": "getUsersByRoleCode",
                    "type": "GET",
                    "url": "user/{userid}/all/users/{rolecode}"
                },
                {
                    "name": "createUser",
                    "type": "POST",
                    "url": "user/{userid}/create"
                },
                {
                    "name": "updateUser",
                    "type": "PUT",
                    "url": "user/{userid}/update"
                },
                {
                    "name": "deleteUser",
                    "type": "DELETE",
                    "url": "user/{userid}/delete/{delete-userid}/{traineeid}"
                },
                {
                    "name": "bulkUserCreation",
                    "type": "POST",
                    "url": "user/{userid}/bulkuser"
                }
            ]
        },
        {
            "apiUrl": "",
            "component": "Departments",
            "methods": [
                {
                    "name": "getAllDepartments",
                    "type": "GET",
                    "url": "departments/{userid}/alldepartments/{universityid}"
                },
                {
                    "name": "createDepartment",
                    "type": "POST",
                    "url": "departments/{userid}/create/{universityid}"
                },
                {
                    "name": "updateDepartment",
                    "type": "PUT",
                    "url": "departments/{userid}/update/{universityid}"
                },
                {
                    "name": "createBulkDepartment",
                    "type": "POST",
                    "url": "departments/{userid}/bulk/create/{universityid}"
                },
                {
                    "name": "deleteDepartment",
                    "type": "DELETE",
                    "url": "departments/{userid}/delete/{deptid}"
                }
            ]
        },
        {
            "apiUrl": "",
            "component": "Hods",
            "methods": [
                {
                    "name": "getAllHods",
                    "type": "GET",
                    "url": "hod/{userid}/all/hod/{universityid}"
                },
                {
                    "name": "createHod",
                    "type": "POST",
                    "url": "hod/{userid}/create/{universityid}"
                },
                {
                    "name": "updateHod",
                    "type": "PUT",
                    "url": "hod/{userid}/update/{universityid}"
                },
                {
                    "name": "createBulkHod",
                    "type": "POST",
                    "url": "hod/{userid}/bulk/create/{universityid}"
                },
                {
                    "name": "deleteHod",
                    "type": "DELETE",
                    "url": "hod/{userid}/delete/{hodid}"
                }
            ]
        },
        {
            "apiUrl": "",
            "component": "Programs",
            "methods": [
                {
                    "name": "getAllPrograms",
                    "type": "GET",
                    "url": "programs/{userid}/allprograms/{universityid}"
                },
                {
                    "name": "createProgram",
                    "type": "POST",
                    "url": "programs/program/{userid}/create/{universityid}"
                },
                {
                    "name": "updateProgram",
                    "type": "PUT",
                    "url": "programs/program/{userid}/update/{universityid}"
                },
                {
                    "name": "bulkProgramCreation",
                    "type": "POST",
                    "url": "programs/bulk-program/{userid}/{universityid}"
                },
                {
                    "name": "deleteProgram",
                    "type": "DELETE",
                    "url": "programs/{userid}/delete/{programid}"
                },
                {
                    "name": "getPhaseDenominationsByProgamId",
                    "type": "GET",
                    "url": "programs/{userid}/phasedenominatins/{programid}"
                }
            ]
        },
        {
            "apiUrl": "",
            "component": "Hospitals",
            "methods": [
                {
                    "name": "getAllHospitals",
                    "type": "GET",
                    "url": "hospitals/{userid}/allhospitals/{universityid}"
                },
                {
                    "name": "createHospital",
                    "type": "POST",
                    "url": "hospitals/{userid}/create/{universityid}"
                },
                {
                    "name": "updateHospital",
                    "type": "PUT",
                    "url": "hospitals/{userid}/update/{universityid}"
                },
                {
                    "name": "deleteHospital",
                    "type": "DELETE",
                    "url": "hospitals/{userid}/delete/{hospitalid}"
                },
                {
                    "name": "createBulkHospital",
                    "type": "POST",
                    "url": "hospitals/{userid}/bulk-create/{universityid}"
                }
            ]
        },
        {
            "apiUrl": "",
            "component": "CourseManagement",
            "methods": [
                {
                    "name": "getAllRotations",
                    "type": "GET",
                    "url": "rotation/{userid}/all/{universityid}/{programid}"
                },
                {
                    "name": "createRotation",
                    "type": "POST",
                    "url": "rotation/{userid}/create/{universityid}"
                },
                {
                    "name": "updateRotation",
                    "type": "PUT",
                    "url": "rotation/{userid}/update/{universityid}"
                }
            ]
        },
        {
            "apiUrl": "",
            "component": "Phases",
            "methods": [
                {
                    "name": "getAllPhases",
                    "type": "GET",
                    "url": "phases/{userid}/allphases/{universityid}"
                }
            ]
        },
        {
            "apiUrl": "",
            "component": "Roles",
            "methods": [
                {
                    "name": "getAllRoles",
                    "type": "GET",
                    "url": "role/{userid}/all-roles/{rolecode}"
                }
            ]
        },
        {
            "apiUrl": "",
            "component": "MyDocuments",
            "methods": [
                {
                    "name": "getAllDocTypes",
                    "type": "GET",
                    "url": "document/{userid}/all/doctypes/{universityid}"
                },
                {
                    "name": "getAllDocuments",
                    "type": "GET",
                    "url": "document/{userid}/all/documents/{traineeid}"
                },
                {
                    "name": "saveTraineeDocuments",
                    "type": "POST",
                    "url": "document/{userid}/create/document/{universityid}"
                },
                {
                    "name": "updateTraineeDocuments",
                    "type": "PUT",
                    "url": "document/{userid}/update/document/{universityid}"
                }
            ]
        },
        {
            "apiUrl": "",
            "component": "Trainee",
            "methods": [
                {
                    "name": "getAllStudyPlan",
                    "type": "GET",
                    "url": "trainee/{userid}/all/studyplans/{traineeid}"
                },
                {
                    "name": "createStudyPlan",
                    "type": "POST",
                    "url": "trainee/{userid}/create/studyplan"
                },
                {
                    "name": "updateStudyPlan",
                    "type": "PUT",
                    "url": "trainee/{userid}/update/studyplan/{universityid}/{traineeid}"
                },
                {
                    "name": "getallGlasByTraineeId",
                    "type": "GET",
                    "url": "trainee/{userid}/all/glas/{traineeid}"
                },
                {
                    "name": "createTraineeGlas",
                    "type": "POST",
                    "url": "trainee/{userid}/create/glas"
                },
                {
                    "name": "updateTraineeGlas",
                    "type": "PUT",
                    "url": "trainee/{userid}/update/glas/{traineeid}"
                },
                {
                    "name": "updateGlasIsEditable",
                    "type": "PUT",
                    "url": "trainee/{userid}/update/iseditable"
                },
                {
                    "name": "changeSupervisor",
                    "type": "POST",
                    "url": "trainee/{userid}/create/supervisor"
                },
                {
                    "name": "getSupervisorUsersByUniversityId",
                    "type": "GET",
                    "url": "trainee/{userid}/all/supervisor/users"
                },
                {
                    "name": "getAllSpRotationsWithWbasByTraineeId",
                    "type": "GET",
                    "url": "trainee/{userid}/all/sp/rotations/wbas/{traineeid}"
                },
                {
                    "name": "getAllRsUsersByUniversityId",
                    "type": "GET",
                    "url": "trainee/{userid}/all/users/{universityid}"
                },
                {
                    "name": "getTraineeSpStatus",
                    "type": "GET",
                    "url": "trainee/{userid}/sp/status/{traineeid}"
                },
                {
                    "name": "getAllRlaByTraineeId",
                    "type": "GET",
                    "url": "trainee/{userid}/all/rla/{traineeid}"
                },
                {
                    "name": "saveTraineeRlas",
                    "type": "POST",
                    "url": "trainee/{userid}/rlas/create"
                },
                {
                    "name": "updateTraineeRlas",
                    "type": "PUT",
                    "url": "trainee/{userid}/update/rla"
                },
                {
                    "name": "createRotationalMeeting",
                    "type": "POST",
                    "url": "trainee/{userid}/create/meetings/{universityid}"
                },
                {
                    "name": "updateRotationalMeeting",
                    "type": "PUT",
                    "url": "trainee/{userid}/update/meetings/{universityid}"
                },
                {
                    "name": "getAllMeetingsByTraineeId",
                    "type": "GET",
                    "url": "trainee/{userid}/all/meetings/{traineeid}"
                },
                {
                    "name": "updateRlasIsEditable",
                    "type": "PUT",
                    "url": "trainee/{userid}/update/rlas/iseditable"
                },
                {
                    "name": "getAllPortfoliosByTraineeId",
                    "type": "GET",
                    "url": "trainee/{userid}/all/portfolios/{traineeid}"
                },
                {
                    "name": "createTraineePortfolios",
                    "type": "POST",
                    "url": "trainee/{userid}/create/portfolio"
                },
                {
                    "name": "getAllPortfolioDraftsByTraineeId",
                    "type": "GET",
                    "url": "trainee/{userid}/all/portfolio/drafts/{traineeid}"
                },
                {
                    "name": "createTraineePortfolioDraft",
                    "type": "POST",
                    "url": "trainee/{userid}/create/portfolio/drafts"
                },
                {
                    "name": "getAllActiveRotationsFromSpByTrId",
                    "type": "GET",
                    "url": "trainee/{userid}/all/active/rotations/{traineeid}"
                },
                {
                    "name": "updateTraineePortfolios",
                    "type": "PUT",
                    "url": "trainee/{userid}/update/Portfolio"
                },
                {
                    "name": "deletePortfoliosById",
                    "type": "DELETE",
                    "url": "trainee/{userid}/delete/portfolios/{portfolioid}"
                },
                {
                    "name": "sendPortfolioRemainderToEvaluators",
                    "type": "POST",
                    "url": "trainee/{userid}/evaluator/remainders"
                },
                {
                    "name": "getAllApprovedWbasByTrId",
                    "type": "GET",
                    "url": "trainee/{userid}/all/approved/wbas/{traineeid}"
                },
                {
                    "name": "getAllApprovedSurlogsByTrId",
                    "type": "GET",
                    "url": "trainee/{userid}/all/approved/surlogs/{traineeid}"
                },
		 {
                    "name": "getAllApprovedMeetingsByTrId",
                    "type": "GET",
                    "url": "trainee/{userid}/all/approved/meetings/{traineeid}"
                },
                {
                    "name": "getAllApprovedRlasByTrId",
                    "type": "GET",
                    "url": "trainee/{userid}/all/approved/rlas/{traineeid}"
                },
                {
                    "name": "getAllApprovedGlasByTrId",
                    "type": "GET",
                    "url": "trainee/{userid}/all/approved/glas/{traineeid}"
                }
            ]
        },
        {
            "apiUrl": "",
            "component": "educationalSupervisor",
            "methods": [
                {
                    "name": "getTraineeDocumentsByEsId",
                    "type": "GET",
                    "url": "educational/{userid}/all/trainee/doc/data"
                },
                {
                    "name": "updateDocumentStatus",
                    "type": "PUT",
                    "url": "educational/{userid}/doc/status/update"
                },
                {
                    "name": "getAllSpByEsId",
                    "type": "GET",
                    "url": "educational/{userid}/all/studyplan/data"
                },
                {
                    "name": "updateStudyPlanStatus",
                    "type": "PUT",
                    "url": "educational/{userid}/studyplan/status/update"
                },
                {
                    "name": "updateGlaStatusByEs",
                    "type": "PUT",
                    "url": "educational/{userid}/glas/status/update"
                },
                {
                    "name": "getAllGlasByEsId",
                    "type": "GET",
                    "url": "educational/{userid}/all/glas/es"
                },
                {
                    "name": "updateEsStatusForGla",
                    "type": "PUT",
                    "url": "educational/{userid}/update/es/status"
                },
                {
                    "name": "updateStageStatus",
                    "type": "PUT",
                    "url": "educational/{userid}/stage/status/update"
                },
                {
                    "name": "updateRotationStatus",
                    "type": "PUT",
                    "url": "educational/{userid}/rotation/status/update"
                },
                {
                    "name": "getAllApprovedSurlogsByEsId",
                    "type": "GET",
                    "url": "educational/{userid}/all/approved/surlogs/by/esid"
                },
                {
                    "name": "getAllApprovedWbasByEsId",
                    "type": "GET",
                    "url": "educational/{userid}/all/approved/wbas/by/esid"
                },
		{
                    "name": "getAllApprovedMeetingsByEsId",
                    "type": "GET",
                    "url": "educational/{userid}/all/approved/meetings/by/esid"
                },
                {
                    "name": "getAllApprovedRlasByEsId",
                    "type": "GET",
                    "url": "educational/{userid}/all/approved/rlas/by/esid"
                },
                {
                    "name": "getAllApprovedGlasByEsId",
                    "type": "GET",
                    "url": "educational/{userid}/all/approved/glas/by/esid"
                }
            ]
        },
        {
            "apiUrl": "",
            "component": "mohSupervisor",
            "methods": [
                {
                    "name": "updateGlaStatusByMoh",
                    "type": "PUT",
                    "url": "moh/{userid}/glas/status/update"
                },
                {
                    "name": "getAllGlasByMohId",
                    "type": "GET",
                    "url": "moh/{userid}/all/glas/mohid"
                },
                {
                    "name": "updateMohStatusForGla",
                    "type": "PUT",
                    "url": "moh/{userid}/update/moh/status"
                },
                {
                    "name": "getAllApprovedGlasByMohId",
                    "type": "GET",
                    "url": "moh/{userid}/all/approved/glas/by/mohid"
                }
            ]
        },
        {
            "apiUrl": "",
            "component": "email",
            "methods": [
                {
                    "name": "getAllEmailSettingsByUniversityId",
                    "type": "GET",
                    "url": "emailsettings/{userid}/all/{universityid}"
                },
                {
                    "name": "createEmailSettings",
                    "type": "POST",
                    "url": "emailsettings/{userid}/create/{universityid}"
                },
                {
                    "name": "updateEmailSettings",
                    "type": "PUT",
                    "url": "emailsettings/{userid}/update/{universityid}"
                }
            ]
        },
        {
            "apiUrl": "",
            "component": "rotationalSupervisor",
            "methods": [
                {
                    "name": "getAllRlasByRotationSupervisors",
                    "type": "GET",
                    "url": "rotational/{userid}/all/rlas/by/rsids"
                },
                {
                    "name": "updateRlaFirstRsStatus",
                    "type": "PUT",
                    "url": "rotational/{userid}/rlas/first/rs/status/update"
                },
                {
                    "name": "updateRlaSecondRsStatus",
                    "type": "PUT",
                    "url": "rotational/{userid}/rlas/second/rs/status/update"
                },
                {
                    "name": "getAllMeetingsByRotationSupervisors",
                    "type": "GET",
                    "url": "rotational/{userid}/all/meetings/by/rsids"
                },
                {
                    "name": "updateMeetingFirstRsStatus",
                    "type": "PUT",
                    "url": "rotational/{userid}/meetings/first/rs/status/update"
                },
                {
                    "name": "updateMeetingSecondRsStatus",
                    "type": "PUT",
                    "url": "rotational/{userid}/meetings/second/rs/status/update"
                },
                {
                    "name": "getAllPortfoliosByRotationSupervisors",
                    "type": "GET",
                    "url": "rotational/{userid}/all/portfolios/by/rsids"
                },
                {
                    "name": "updatePortFoliosFirstRsStatus",
                    "type": "PUT",
                    "url": "rotational/{userid}/portfolio/first/rs/status/update"
                },
                {
                    "name": "updatePortFoliosSecondRsStatus",
                    "type": "PUT",
                    "url": "rotational/{userid}/portfolio/second/rs/status/update"
                },
                {
                    "name": "getAllApprovedWbasByRsId",
                    "type": "GET",
                    "url": "rotational/{userid}/all/approved/wbas/by/rsids"
                },
                {
                    "name": "getAllApprovedSurlogsByRsId",
                    "type": "GET",
                    "url": "rotational/{userid}/all/approved/surlogs/by/rsids"
                },
		{
                    "name": "getAllApprovedMeetingsByRsId",
                    "type": "GET",
                    "url": "rotational/{userid}/all/approved/meetings/by/rsids"
                },
                {
                    "name": "getAllApprovedRlasByRsId",
                    "type": "GET",
                    "url": "rotational/{userid}/all/approved/rlas/by/rsids"
                }
            ]
        },
        {
            "apiUrl": "",
            "component": "formBuilder",
            "methods": [
                {
                    "name": "createPortfolioFormMappings",
                    "type": "POST",
                    "url": "forms/{userid}/map/portfolio/forms/{universityid}"
                },
                {
                    "name": "getAllFormsWithMappingData",
                    "type": "GET",
                    "url": "forms/{userid}/all/protfolio/forms/with/mapping/data/{universityid}"
                }
            ]
        },
        {
            "apiUrl": "",
            "component": "evaluatorFeedbackForm",
            "methods": [
                {
                    "name": "getAllEvaluatorsFeedBackByUniqueId",
                    "type": "GET",
                    "url": "feedback/all/evaluators/feedbacks/{uniqueid}"
                },
                {
                    "name": "updatePortFoliosEvaluatorsFeedBack",
                    "type": "PUT",
                    "url": "feedback/update/evaluator/feedback"
                }
            ]
        }
    ]
}