{
    "journeymapData": {
        "chart": {
            "outputdateformat": "hh12:mn",
            "drawCrossline": "0",
            "ganttpaneduration": "22",
            "ganttpanedurationunit": "h",
            "theme": "fusion",
            "useverticalscrolling": "0",
            "baseFont": "Roboto",
            "labelFont": "Roboto",
            "showTaskLabels": false,
            "ganttPaneDuration": 12,
            "ganttPaneDurationUnit": "h",
            "showHoverBand": false,
            "valuePadding": "25",
            "chartBottomMargin": "30",
            "ganttLineColor": "#ddd",
            "bgColor": "#F6F6F6",
            "captionPadding": "20",
            "milestoneFont": "Roboto"
    
        },
        "milestones": {
            "milestone": [
                {
                    "date": "10:42",
                    "taskid": "3",
                    "color": "#F2726F",
                    "shape": "polygon",
                    "tooltext": "Prototyping Approved"
                },
                {
                    "date": "12:02",
                    "taskid": "3",
                    "color": "#F2726F",
                    "fontsize": "10",
                    "shape": "star",
                    "tooltext": "Development Completed"
                },
                {
                    "date": "11:02",
                    "taskid": "4",
                    "color": "#F2726F",
                    "shape": "polygon",
                    "tooltext": "UAT Tests Passed"
                },
                {
                    "date": "11:35",
                    "taskid": "6",
                    "color": "#F2726F",
                    "shape": "star",
                    "tooltext": "Product Launched"
                },
                {
                    "date": "11:52",
                    "taskid": "7",
                    "color": "#F2726F",
                    "shape": "star",
                    "tooltext": "Product Launched"
                }
            ]
        },
        "tasks": {
            "task": [
                {
                    "id": "1",
                    "start": "10:00",
                    "end": "10:12",
                    "color": "#5D62B5",
                    "label": "5 min",
                    "showLabel": "1",
                    "topPadding": "20px"
                },
                {
                    "id": "2",
                    "start": "10:13",
                    "end": "10:25",
                    "color": "#29C3BE",
                    "label": "15 min",
                    "showLabel": "1",
                    "topPadding": "20px"
                },
                {
                    "id": "3",
                    "start": "10:20",
                    "end": "10:40",
                    "color": "#5D62B5",
                    "label": "15 min",
                    "showLabel": "1",
                    "topPadding": "20px"
                },
                {
                    "id": "4",
                    "start": "10:30",
                    "end": "11:00",
                    "color": "#67CDF2",
                    "label": "15 min",
                    "showLabel": "1",
                    "topPadding": "20px"
                },
                {
                    "id": "5",
                    "start": "11:00",
                    "end": "11:15",
                    "color": "#FFC533",
                    "label": "15 min",
                    "showLabel": "1",
                    "topPadding": "20px"
                },
                {
                    "id": "6",
                    "start": "11:16",
                    "end": "11:34",
                    "color": "#67CDF2",
                    "label": "20 min",
                    "showLabel": "1",
                    "topPadding": "20px"
                },
                {
                    "id": "7",
                    "start": "11:40",
                    "end": "11:50",
                    "color": "#67CDF2",
                    "label": "15 min",
                    "showLabel": "1",
                    "topPadding": "20px"
                },
                {
                    "id": "8",
                    "start": "11:50",
                    "end": "11:55",
                    "color": "#67CDF2",
                    "label": "10 min",
                    "showLabel": "1",
                    "topPadding": "20px"
                }
            ]
        },
        "processes": {
            "fontsize": "14",
            "isbold": "0",
            "align": "left",
            "headerbgcolor": "#F6F6F6",
            "bgColor": "F6F6F6",
            "process": [
                {
                    "label": "Checkin"
                },
                {
                    "label": "Waiting"
                },
                {
                    "label": "Vital"
                },
                {
                    "label": "Doctor"
                },
                {
                    "label": "Laboratory"
                },
                {
                    "label": "Radiology"
                },
                {
                    "label": "Pharmacy"
                },
                {
                    "label": "Billing"
                }
            ]
        },
        "categories": [
            {
                "align": "center",
                "fontWeight": "normal",
                "valign": "bottom",
                "category": [
                    {
                        "start": "10:00",
                        "end": "10:15",
                        "label": "10:15",
                        "bgcolor": "#F6F6F6"
                    },
                    {
                        "start": "10:15",
                        "end": "10:30",
                        "label": "10:30",
                        "bgcolor": "#F6F6F6"
                    },
                    {
                        "start": "10:30",
                        "end": "10:45",
                        "label": "10:45",
                        "bgcolor": "#F6F6F6"
                    },
                    {
                        "start": "10:45",
                        "end": "11:00",
                        "label": "11:00",
                        "bgcolor": "#F6F6F6"
                    },
                    {
                        "start": "11:00",
                        "end": "11:15",
                        "label": "11:15",
                        "bgcolor": "#F6F6F6"
                    },
                    {
                        "start": "11:15",
                        "end": "11:30",
                        "label": "11:30",
                        "bgcolor": "#F6F6F6"
                    },
                    {
                        "start": "11:30",
                        "end": "11:45",
                        "label": "11:45",
                        "bgcolor": "#F6F6F6"
                    },
                    {
                        "start": "11:45",
                        "end": "12:00",
                        "label": "12:00",
                        "bgcolor": "#F6F6F6"
                    }
                ]
            }
        ]
    }
}