{
    "resourceActivity":{
        "chart": {
            "baseFontSize": "12",
            "labelFont": "Roboto",
            "baseFont": "Roboto",
            "legendItemFont": "roboto",
            "showpercentvalues": "1",
            "defaultcenterlabel": "Total Tokens from Kiosks:1134",
            "aligncaptionwithcanvas": "0",
            "captionpadding": "0",
            "theme": "fusion",
            "legendScrollBgColor": "#f0000f", 
            "legendScrollBarColor": "#ff0000",
            "smartLineColor":"#FF2B2B",
            "doughnutRadius":"60"
           
          },
          "data": [
        
            {
              "label": "Kiosk1",
              "value": "400"
            },
            {
              "label": "Kiosk2",
              "value": "250"
        
            },
            {
              "label": "Kiosk3",
              "value": "150"
        
            },
            {
              "label": "Kiosk4",
              "value": "100"  
            },
            {
              "label": "Kiosk5",
              "value": "150"
        
            },
            {
              "label": "Kiosk6",
              "value": "100"
        
            },
            {
              "label": "Kiosk7",
              "value": "100"
        
            },
            {
              "label": "Kiosk8",
              "value": "100"
        
            },
            {
              "label": "Kiosk9",
              "value": "100"
        
            },
            {
              "label": "Kiosk10",
              "value": "100"
        
            },
            {
              "label": "Kiosk11",
              "value": "100"
        
            },
            {
              "label": "Kiosk12",
              "value": "100"
        
            },
            {
              "label": "Kiosk13",
              "value": "100"
        
            },
            {
              "label": "Kiosk14",
              "value": "100"
        
            },
            {
              "label": "Kiosk15",
              "value": "100"
        
            },
            {
              "label": "Kiosk16",
              "value": "100"
        
            },
            {
              "label": "Kiosk17",
              "value": "100"
        
            }
          ]
         
      },
      "patientsServed":{
        "chart": {
            "plottooltext":
              "<b class='boldtext'>$label</b> <br>$seriesName: <b class='boldtext'>$dataValue</b>",
            "theme": "fusion",
            "drawcrossline": "0",
        "legendBorderColor": "#cccccc",
        "legendBorderAlpha": "80",
        "legendBorderThickness": "1",
        "plotSpacePercent":"50",
        "legendPosition":"top-right",
        "baseFont":"ROBOTO",
          "legendItemFont":"ROBOTO"
          },
          "categories": [
            {
              "category": [
                {
                  "label": "Kiosks"
                },
                {
                  "label": "Printers"
                },
                {
                  "label": "Scanners"
                },
                {
                  "label": "Displayboards"
                }
              ]
            }
          ],
          "dataset": [
            {
              "seriesname": "Active",
              "data": [
                {
                  "value": "50"
                },
                {
                  "value": "25"
                },
                {
                  "value": "20"
                },
                {
                  "value": "140"
                }
              ]
            },
            {
              "seriesname": "In Active",
              "data": [
                {
                  "value": "30"
                },
                {
                  "value": "10"
                },
                {
                  "value": "15"
                },
                {
                  "value": "10"
                },
                {
                  "value": "140"
                }
              ]
            }
          ]
      },
      "kioskStats":{
        "chart": {
            "plottooltext":
              "$label <br>$seriesName: $dataValue",
            "theme": "fusion",
            "drawcrossline": "0",
            "legendItemFont":"roboto",
        "legendBorderColor": "#cccccc",
        "legendBorderAlpha": "80",
        "legendBorderThickness": "1",
        "plotSpacePercent":"50",
        "legendPosition":"top-right",
        "baseFont":"ROBOTO"

          },
          "categories": [
            {
              "category": [
                {
                  "label": "Clinical"
                },
                {
                  "label": "Radiology"
                },
                {
                  "label": "Laboratory"
                },
                {
                  "label": "Pharmacy"
                }
              ]
            }
          ],
          "dataset": [
            
            {
              "seriesname": "Registration",
              "color":"#6699CC",
              "data": [
                {
                  "value": "150"
                },
                {
                  "value": "130"
                },
                {
                  "value": "200"
                },
                {
                  "value": "140"
                }
              ]
            },
            {
                "seriesname": "Appointments",
                "color":"#E6A644",
                
                "data": [
                  {
                    "value": "270"
                  },
                  {
                    "value": "100"
                  },
                  {
                    "value": "130"
                  },
                  {
                    "value": "100"
                  },
                  {
                    "value": "140"
                  }
                ]
              }
          ]
      },
      "displayboardStats":{
        "chart": {
            "plottooltext":
              "$label <br>$seriesName: $dataValue",
            "theme": "fusion",
            "drawcrossline": "0",
        "legendBorderColor": "#cccccc",
        "legendBorderAlpha": "80",
        "legendBorderThickness": "1",
        "plotSpacePercent":"50",
        "legendPosition":"top-right",
        "baseFont":"ROBOTO",
          "legendItemFont":"ROBOTO"

          },
          "categories": [
            {
              "category": [
                {
                  "label": "RN01"
                },
                {
                  "label": "RN02"
                },
                {
                  "label": "RN03"
                },
                {
                  "label": "RN04"
                }
              ]
            }
          ],
          "dataset": [
            {
                "seriesname": "Tokens issued",
               "color":"#A377BA",
                "data": [
                  {
                    "value": "150"
                  },
                  {
                    "value": "100"
                  },
                  {
                    "value": "130"
                  },
                  {
                    "value": "100"
                  },
                  {
                    "value": "140"
                  }
                ]
              },
            {
              "seriesname": "Tokens served",
             "color":"#7FD494",
              "data": [
                {
                  "value": "50"
                },
                {
                  "value": "70"
                },
                {
                  "value": "100"
                },
                {
                  "value": "100"
                }
              ]
            }
            
          ]
      }
}