{
    "patientsServedDemographics":{
        "type":"stackedcolumn2d",
        "width":"100%",
        "height":"350",
        "dataFormat":"JSON",
        "dataSource":{
            "chart": {
                "plottooltext":
                  "<b>$dataValue</b> are $seriesName from $label Agegroup",
                "theme": "fusion",
                "baseFont":"Roboto",
                "drawcrossline": "0",
                "showYAxisLine":"0",
                "legendPosition":"top-right",
                "showYAxisValues":"0",
                "legendBorderColor": "#cccccc",
            "legendBorderAlpha": "80",
            "legendBorderThickness": "1",
            "plotSpacePercent":"60",
            "reverseLegend":"1",
            "labelFontSize":"12",
           
          "legendItemFont":"ROBOTO"

              },
              "categories": [
                {
                  "category": [
                    {
                      "label": "0 - 7 yrs"
                    },
                    {
                      "label": "8 - 15 yrs"
                    },
                    {
                      "label": "16 - 25 yrs"
                    },
                    {
                      "label": "26 - 45 yrs"
                    },
                    {
                      "label": "46 - 60 yrs"
                    },
                    {
                      "label": "61 - 75 yrs"
                    },
                    {
                      "label": "76 yrs & Above"
                    }
                  ]
                }
              ],
              "dataset": [
                
                
                {
                  "seriesname": "Male",
                  "color":"#008FFF",
                  "data": [
                    {
                      "value": "40"
                    },
                    {
                      "value": "33"
                    },
                    {
                      "value": "50"
                    },
                    {
                      "value": "42"
                    },
                    {
                      "value": "19"
                    },
                    {
                      "value": "38"
                    },
                    {
                      "value": "13"
                    }
                  ]
                },{
                  "seriesname": "Female",
                  "color":"#F6B7FF",
                  "data": [
                    {
                      "value": "35"
                    },
                    {
                      "value": "22"
                    },
                    {
                      "value": "41"
                    },
                    {
                      "value": "37"
                    },
                    {
                      "value": "72"
                    },
                    {
                      "value": "31"
                    },
                    {
                      "value": "22"
                    }
                  ]
                }
               
               
              ]
        }
    },
    "resourceActivity":{
      "chart": {
          "baseFontSize":"12",
          "legendBorderColor": "#cccccc",
          "legendBorderAlpha": "80",
          "legendBorderThickness": "1",
          "showlegend": "0",
          "baseFont":"ROBOTO",
          "legendItemFont":"ROBOTO",
          "yaxismaxvalue": "2",
          "showToolTip":"1",
          "theme": "fusion",
          "showLegend": "1",
          "legendPosition": "top-right" 
               },
      
        "categories": [
          {
            "category": [
              {
                "label": "Clerk"
              },
              {
                "label": "Nurse"
              },
              {
                "label": "Doctor"
              },
              {
                "label": "Lab Technician"
              },
              {
                "label": "Radiologist"
              },
              {
                "label": "Radiology Technician"
              },
              {
                "label": "Pharmacist"
              },
              {
                "label": "Admin resources"
              }
            ]
          },
          {
            "category": [
              {
                "label": "10"
              },
              {
                "label": "20"
              },
              {
                "label": "30"
              },
              {
                "label": "40"
              },
              {
                "label": "50"
              },
              {
                "label": "60"
              },
              {
                "label": "70"
              },
              {
                "label": "80"
              },
              {
                "label": "90"
              }
      
            ]
          }
        ],
        "dataset": [
          {
            "seriesname": "Active",
            "color": "#8A90CF",
            "data": [
              { "value": "2" }, { "value": "30" }, { "value": "8" }, { "value": "15" }, { "value": "40" }, { "value": "20" }, { "value": "18" },
              { "value": "3" }
            ]
          },
          {
            "seriesname": "In Active",
            "color": "#54DBD6",
            "data": [
              { "value": "6" }, { "value": "23" }, { "value": "8" }, { "value": "25" }, { "value": "36" }, { "value": "10" }, { "value": "19" },
              { "value": "13" }
            ]
          }
          
        
        ]
  },
  "staffByDept":{
    "chart": {
        "baseFont":"ROBOTO",
        "legendItemFont":"roboto",
        "legendBorderColor": "#cccccc",
        "legendBorderAlpha": "80",
        "legendBorderThickness": "1",
        "baseFontSize":"12",
        "color": "#ffffff",
        "minPlotHeightForValue": "1",
        "theme": "fusion",
        "rotateLabels":"1",
        "slantLabels":"1",
        "legendPosition": "top-right",
        "showYAxisValues": "0",
        "yAxisMaxValue": "50",
        "yAxisMinValue": "0",
        "drawCrossLine": "0",
        "plotSpacePercent":"50"
    
      },
      "categories": [
        {
          "category": [
            { "label": "ENT" }, { "label": "PED" }, { "label": "GEN" }, { "label": "MRI" }, { "label": "DER" }
            , { "label": "CAR" }, { "label": "ENT" }, { "label": "PED" }, { "label": "GEN" }, { "label": "PH1" }, { "label": "ENDO" }, { "label": "PATH" }
            , { "label": "Lab" }, { "label": "BILLING" }]
        }
      ],
      "dataset": [
        {
          "seriesname": "Doctors",
          "valueFontColor": "#ffffff",
          "color": "#28C3BF",
          "data": [{ "value": "50" }, { "value": "50" }, { "value": "30" }, { "value": "" }, { "value": "40" }, { "value": "30" }, { "value": "40" }
            , { "value": "20" }, { "value": "60" }, { "value": "" }, { "value": "45" }, { "value": "40" }, { "value": "" }, { "value": "" }]
        },
        {
          "seriesname": "Nurse",
          "valueFontColor": "#ffffff",
          "color": "#5D62B4",
          "data": [{ "value": "27" }, { "value": "30" }, { "value": "38" }, { "value": "" }, { "value": "20" }, { "value": "45" }, { "value": "25" },
          { "value": "30" }, { "value": "30" }, { "value": "" }, { "value": "25" }, { "value": "15" }, { "value": "" }, { "value": "" }]
        },
        {
          "seriesname": "Lab-tech",
          "valueFontColor": "#ffffff",
          "color": "#67CDF3",
          "data": [{ "value": "" }, { "value": "" }, { "value": "" }, { "value": "" }, { "value": "" }, { "value": "" }, { "value": "" },
          { "value": "" }, { "value": "" }, { "value": "" }, { "value": "" }, { "value": "" }, { "value": "15" }, { "value": "" }]
        },
        {
          "seriesname": "Pharmacist",
          "valueFontColor": "#ffffff",
          "color": "#FFC533",
          "data": [{ "value": "" }, { "value": "" }, { "value": "" }, { "value": "" }, { "value": "" }, { "value": "" }, { "value": "" },
          { "value": "" }, { "value": "" }, { "value": "17" }, { "value": "" }, { "value": "" }, { "value": "" }, { "value": "" }]
        },
        {
          "seriesname": "Radiology",
          "valueFontColor": "#ffffff",
          "color": "#FB8885",
          "data": [{ "value": "" }, { "value": "" }, { "value": "" }, { "value": "13" }, { "value": "" }, { "value": "" }, { "value": "" },
          { "value": "" }, { "value": "" }, { "value": "" }, { "value": "" }, { "value": "" }, { "value": "" }, { "value": "" }]
        },
        {
          "seriesname": "BILLING",
          "valueFontColor": "#ffffff",
          "color": "#237290",
          "data": [{ "value": "" }, { "value": "" }, { "value": "" }, { "value": "" }, { "value": "" }, { "value": "" }, { "value": "" },
          { "value": "" }, { "value": "" }, { "value": "" }, { "value": "" }, { "value": "" }, { "value": "" }, { "value": "13" }]
        }
      ]
},
"avgWaitTime":{
  "chart": {
      "baseFontSize":"12",
      "baseFont":"ROBOTO",
      "legendItemFont":"roboto",
      "legendBorderColor": "#cccccc",
      "legendBorderAlpha": "80",
      "legendBorderThickness": "1",
      "showhovereffect": "1",
      "numbersuffix": " min",
      "drawCrossLine": "0",
      "plottooltext": "$seriesName <b>$dataValue</b>",
      "theme": "fusion",
      "rotateLabels": "1",
      "slantLabels": "1",
      "anchorHoverRadius": "8",
      "legendPosition":"top-right"
    },
    "categories": [
      {
        "category": [
          { "label": "06:00" }, { "label": "07:00" }, { "label": "08:00" }, { "label": "09:00" }, { "label": "10:00" },
          { "label": "11:00" }, { "label": "12:00" }, { "label": "13:00" }, { "label": "14:00" }, { "label": "15:00" },
          { "label": "16:00" }, { "label": "17:00" }, { "label": "18:00 " }, { "label": "19:00 " }, { "label": "20:00" },
          { "label": "21:00" }, { "label": "22:00" }, { "label": "23:00" }, { "label": "00:00" }, { "label": "01:00" },
          { "label": "02:00" }, { "label": "03:00" }, { "label": "04:00" }, { "label": "05:00" }
        ]
      }
    ],
    "dataset": [
     
      {
        "seriesname": "Avg Care time",
        "anchorBgColor": "#5D62B5",
        "anchorBorderColor": "#5D62B6",
        "data": [
          { "value": "25" }, { "value": "24" }, { "value": "25" }, { "value": "20" }, { "value": "21" },
          { "value": "22" }, { "value": "24" }, { "value": "24" }, { "value": "22" }, { "value": "25" },
          { "value": "23" }, { "value": "28" }, { "value": "23" }, { "value": "25" }, { "value": "24" },
          { "value": "25" }, { "value": "22" }, { "value": "24" }, { "value": "24" }, { "value": "23" },
          { "value": "24" }, { "value": "23" }, { "value": "24" }, { "value": "27" }
  
        ]
      },
      {
        "seriesname": "Avg Wait time",
        
        "anchorBgColor": "#29C3BE",
        "anchorBorderColor": "#28C3BE",
        "data": [
          { "value": "29" }, { "value": "32" }, { "value": "31" }, { "value": "32" }, { "value": "28" },
          { "value": "31" }, { "value": "32" }, { "value": "31" }, { "value": "27" }, { "value": "30" },
          { "value": "26" }, { "value": "31" }, { "value": "29" }, { "value": "29" }, { "value": "28" },
          { "value": "31" }, { "value": "32" }, { "value": "31" }, { "value": "27" }, { "value": "30" },
          { "value": "31" }, { "value": "30" }, { "value": "31" }, { "value": "27" }
  
        ]
      }
  
  
    ]
},
"tokenStats":{
  "chart": {
      "baseFontSize": "12",
      "labelFont": "Roboto",
      "baseFont": "Roboto",
      "legendItemFont": "roboto",
      "showpercentvalues": "1",
      "defaultcenterlabel": "1150",
      "aligncaptionwithcanvas": "0",
      "captionpadding": "0",
      "theme": "fusion",
      "legendPosition":"right"
     
    },
    "data": [
  
      {
        "label": "Scheduled",
        "value": "400"
  
  
      },
      {
        "label": "Walk-Ins",
        "value": "250"
  
      },
      {
        "label": "In care",
        "value": "150"
  
      },
      {
        "label": "Served time",
        "value": "100"  
      },
      {
        "label": "In wait",
        "value": "150"
  
      },
      {
        "label": "In-Transit",
        "value": "100"
  
      }
    ]
   
},
"clinicalCareLoad":{
  "clinicalValue":"81",
  "chart": {
      "baseFontSize":"12",
      "baseFont":"ROBOTO",
      "legendItemFont":"roboto",
      "lowerlimit": "0",
      "upperlimit": "100",
      "theme": "fusion",
      "showtooltip": "0",
      "showTickMarks": 0,
      "showTickValues": 1,
      "majorTMHeight": 0,
      "majorTMThickness": 0,
      "chartBottomMargin": "30",
      "showvalue": "1",
      "numbersuffix": "%"
    },
    "annotations": {
      "groups": [{
        "items": [
          {
            "type": "text",
            "text": "81%",
            "align": "center",
            "bold": "0",
            "fontSize": "20",
            "color": "#5F5E6A",
            "x": "$chartcenterX",
            "y": "230"
          }
        ]
      }]
    },
    "colorrange": {
      "color": [
        {
          "minvalue": "0",
          "maxvalue": "50",
          "code": "#62B58F"
  
        },
        {
          "minvalue": "50",
          "maxvalue": "70",
          "code": "#FFC533"
        },
        {
          "minvalue": "70",
          "maxvalue": "100",
          "code": "#F2726F"
  
        }
      ]
    },
    "dials": {
      "dial": [
        {
          "value": "81",
          "showValue": "0"
        }
      ]
    }
},
"pharmacyCareLoad":{
  "pValue":"100",
  "chart": {
      "baseFontSize":"12",
      "baseFont":"ROBOTO",
      "legendItemFont":"roboto",
      "lowerlimit": "0",
      "upperlimit": "100",
      "theme": "fusion",
      "showtooltip": "0",
      "showTickMarks": 0,
      "showTickValues": 1,
      "majorTMHeight": 0,
      "majorTMThickness": 0,
      "chartBottomMargin": "30",
      "showvalue": "1",
      "pivotFillAlpha": "0",
      "gaugeFillMix": "{light+0}",
      "majortmnumber": "10"
  
  
    },
    "annotations": {
      "groups": [{
        "items": [
          {
            "type": "text",
            "text":"+100%",
            "align": "center",
            "bold": "1",
            "fontSize": "35",
            "color": "#5F5E6A",
            "x": "$chartcenterX",
            "y": "180"
          }
        ]
      }]
    },
    "colorrange": {
      "color": [
        {
          "minvalue": "0",
          "maxvalue": "100",
          "code": "#DC4237"
        }
       
      ]
    },
    "dials": {
      "dial": [
        {
          "alpha": "0",
          "borderAlpha": "0",
          "radius": "0",
          "baseRadius": "0",
          "rearExtension": "0",
          "baseWidth": "0",
          "showValue": "0"
        }
      ]
    }
},
"radiologyCareLoad":{
  "chart": {
      "baseFontSize":"12",
      "baseFont":"ROBOTO",
      "legendItemFont":"roboto",
      "lowerlimit": "0",
      "upperlimit": "100",
      "theme": "fusion",
      "showtooltip": "0",
      "showTickMarks": 0,
      "showTickValues": 1,
      "majorTMHeight": 0,
      "majorTMThickness": 0,
      "chartBottomMargin": "30",
      "showvalue": "1",
      "numbersuffix": "%"
    },
 
    "colorrange": {
      "color": [
        {
          "minvalue": "0",
          "maxvalue": "50",
          "code": "#62B58F"
  
        },
        {
          "minvalue": "50",
          "maxvalue": "70",
          "code": "#FFC533"
        },
        {
          "minvalue": "70",
          "maxvalue": "100",
          "code": "#F2726F"
  
        }
      ]
    },
    "dials": {
      "dial": [
        {
          "value": "75",
          "showValue": "0"
        }
      ]
    }
},
"billingCareLoad":{
  "chart": {
      "baseFontSize":"12",
      "baseFont":"ROBOTO",
      "legendItemFont":"roboto",
      "lowerlimit": "0",
      "upperlimit": "100",
      "theme": "fusion",
      "showtooltip": "0",
      "showTickMarks": 0,
      "showTickValues": 1,
      "majorTMHeight": 0,
      "majorTMThickness": 0,
      "chartBottomMargin": "30",
      "showvalue": "1",
      "pivotFillAlpha": 0,
      "gaugeFillMix": "{light+0}",
      "majortmnumber": 10
  
  
    },
    "annotations": {
      "groups": [{
        "items": [
          {
            "type": "text",
            "text": "45%",
            "align": "center",
            "bold": "1",
            "fontSize": "35",
            "color": "#5F5E6A",
            "x": "$chartcenterX",
            "y": "180"
          }
        ]
      }]
    },
    "colorrange": {
      "color": [
        {
          "minvalue": "0",
          "maxvalue": 45,
          "code": "#797DBE"
        },
        {
          "minvalue": 45,
          "maxvalue": 100,
          "code": "#EFF2F9"
        }
      ]
    },
    "dials": {
      "dial": [
        {
          "alpha": "0",
          "borderAlpha": "0",
          "radius": "0",
          "baseRadius": "0",
          "rearExtension": "0",
          "baseWidth": "0",
          "showValue": "0"
        }
      ]
    }
},
"labCareLoad":{
  "chart": {
    "baseFontSize":"12",
    "baseFont":"ROBOTO",
    "legendItemFont":"roboto",
    "lowerlimit": "0",
    "upperlimit": "100",
    "theme": "fusion",
    "showtooltip": "0",
    "showTickMarks": 0,
    "showTickValues": 1,
    "majorTMHeight": 0,
    "majorTMThickness": 0,
    "chartBottomMargin": "30",
    "showvalue": "1",
    "pivotFillAlpha": 0,
    "gaugeFillMix": "{light+0}",
    "majortmnumber": 10


  },
  "annotations": {
    "groups": [{
      "items": [
        {
          "type": "text",
          "text": "20%",
          "align": "center",
          "bold": "1",
          "fontSize": "35",
          "color": "#5F5E6A",
          "x": "$chartcenterX",
          "y": "180"
        }
      ]
    }]
  },
  "colorrange": {
    "color": [
      {
        "minvalue": "0",
        "maxvalue": 20,
        "code": "#40C9F1"
      },
      {
        "minvalue": 20,
        "maxvalue": 100,
        "code": "#EFF2F9"
      }
    ]
  },
  "dials": {
    "dial": [
      {
        "alpha": "0",
        "borderAlpha": "0",
        "radius": "0",
        "baseRadius": "0",
        "rearExtension": "0",
        "baseWidth": "0",
        "showValue": "0"
      }
    ]
  }
},
"totalCareLoad":{
  "chart": {
      "baseFontSize":"12",
      "baseFont":"ROBOTO",
      "legendItemFont":"roboto",
      "lowerlimit": "0",
      "upperlimit": "100",
      "theme": "fusion",
      "showtooltip": "0",
      "showTickMarks": 0,
      "showTickValues": 1,
      "majorTMHeight": 0,
      "majorTMThickness": 0,
      "chartBottomMargin": "30",
      "showvalue": "1",
      "numbersuffix": "%"
  
  
    },
    "annotations": {
      "groups": [{
        "items": [
          {
            "type": "text",
            "text": "50%",
            "align": "center",
            "bold": "0",
            "fontSize": "20",
            "color": "#5F5E6A",
            "x": "$chartcenterX",
            "y": "230"
          }
        ]
      }]
    },
    "colorrange": {
      "color": [
        {
          "minvalue": "0",
          "maxvalue": "50",
          "code": "#62B58F"
  
        },
        {
          "minvalue": "50",
          "maxvalue": "70",
          "code": "#FFC533"
        },
        {
          "minvalue": "70",
          "maxvalue": "100",
          "code": "#F2726F"
  
        }
      ]
    },
    "dials": {
      "dial": [
        {
          "value": "50",
          "showValue": 0
        }
      ]
    }
},
"departments":{
  "chart": {
      "baseFontSize":"12",
      "baseFont":"ROBOTO",
      "outCanvasBaseFont":"ROBOTO",
      "legendItemFont":"roboto",
      "legendBorderColor": "#cccccc",
      "legendBorderAlpha": "80",
      "legendBorderThickness": "1",
      "showlegend": "1",
      "nodelabelposition": "inside",
      "defaultcenterlabel": "660 PATIENTS",
      "legendPosition": "top-center",
      "enableSmartLabels": "1",
      "showLabels": "1",
      "showValues": "1",
      "labelFont":"Roboto",
      "labelFontColor":"#555555",
      "theme": "fusion"
    },
    "data": [
      { "label": "Internal Medicine", "value": "80" },
      { "label": "Lab Radiology", "value": "70" },
      { "label": "Dental", "value": "60" },
      { "label": "Ortho", "value": "50" }
    ]
},
"patientInflowbyHours":{
  "chart": {
    "baseFontSize": "12",
    "baseFont": "ROBOTO",
    "legendItemFont": "roboto",
    "legendBorderColor": "#cccccc",
    "legendBorderAlpha": "80",
    "legendBorderThickness": "1",
    "plotSpacePercent": "40",
    "columnHoverAlpha": "0",
    "valueFont": "ROBOTO",
    "legendPosition": "top-left",
    "plotHoverEffect": "0",
    "yaxisname": "Time (minutes)",
    "drawAnchors": false,
    "showPlotBorder": "1",
    "labelDisplay": "rotate",
    "rotateNames": "1",
    "useEllipsesWhenOverflow": "1",
    "plotBorderColor": "#B1B2B4",
    "showToolTip": "1",
    "showToolTipShadow": "1",
    "slantLabels": "1",
    "drawCustomLegendIcon": "1",
    "divLineColor": "#000",
    "numVDivLines": "6",
    "vDivLineThickness": "1",
    "vDivLineColor": "#000",
    "drawCrossLine": "0",
    "theme": "fusion",
    "xaxislineColor": "#bbb",
    "yaxislineColor": "#bbb",
    "showXAxisLine": "1",
    "showYAxisLine": "1",
    "plotToolText": "$seriesname $value",
    "useRoundEdges": 0,
    "showShadowAlpha": 0,
    "valueBgColor": "#808080",
    "valueBorderThickness": "3",
    "valueBorderColor": "#808080",
    "valueBorderRadius": "10"
},
"categories": [
    {
        "category": [
            {
                "label": "06:00"
            },
            {
                "label": "07:00"
            },
            {
                "label": "08:00"
            },
            {
                "label": "09:00"
            },
            {
                "label": "10:00"
            },
            {
                "label": "11:00"
            },
            {
                "label": "12:00"
            },
            {
                "label": "13:00"
            },
            {
                "label": "14:00"
            },
            {
                "label": "15:00"
            },
            {
                "label": "16:00"
            },
            {
                "label": "17:00"
            },
            {
                "label": "18:00"
            },
            {
                "label": "19:00"
            },
            {
                "label": "20:00"
            },
            {
                "label": "21:00"
            },
            {
                "label": "22:00"
            },
            {
                "label": "23:00"
            },
            {
                "label": "00:00"
            },
            {
                "label": "01:00"
            },
            {
                "label": "02:00"
            },
            {
                "label": "03:00"
            },
            {
                "label": "04:00"
            },
            {
                "label": "05:00"
            }
        ]
    }
],
"dataset": [
   
    {
        "seriesname": "Avg Wait Time",
        "color": "#EAA931",
        "data": [
            {
                "value": "12"
            },
            {
                "value": "5"
            },
            {
                "value": "6"
            },
            {
                "value": "18"
            },
            {
                "value": "21"
            },
            {
                "value": "8"
            },
            {
                "value": "10"
            },
            {
                "value": "10"
            },
            {
                "value": "10"
            },
            {
                "value": "10"
            },
            {
                "value": "5"
            },
            {
                "value": "13"
            },
            {
                "value": "15"
            },
            {
                "value": "7"
            },
            {
                "value": "20"
            },
            {
                "value": "13"
            },
            {
                "value": "13"
            },
            {
                "value": "11"
            },
            {
                "value": "8"
            },
            {
                "value": "19"
            },
            {
                "value": "8"
            },
            {
                "value": "9"
            },
            {
                "value": "15"
            },
            {
                "value": "12"
            }
        ]
    },
    {
        "seriesname": "Patients",
        "valueFontColor": "#ffffff",
        "showvalues": "1",
        "numbersuffix": " ",
        "color": "#3E60A8",
        "data": [
            {
                "value": "6"
            },
            {
                "value": "8"
            },
            {
                "value": "10"
            },
            {
                "value": "20"
            },
            {
                "value": "20"
            },
            {
                "value": "25"
            },
            {
                "value": "15"
            },
            {
                "value": "16"
            },
            {
                "value": "18"
            },
            {
                "value": "15"
            },
            {
                "value": "15"
            },
            {
                "value": "13"
            },
            {
                "value": "7"
            },
            {
                "value": "5"
            },
            {
                "value": "3"
            },
            {
                "value": "4"
            },
            {
                "value": "2"
            },
            {
                "value": "2"
            },
            {
                "value": "2"
            },
            {
                "value": "2"
            },
            {
                "value": "2"
            },
            {
                "value": "1"
            },
            {
                "value": "1"
            },
            {
                "value": "1"
            }
        ]
    }
]
},
"waitCareSpareTime":{
  "chart": {
      "baseFont":"ROBOTO",
      "legendItemFont":"roboto",
      "legendBorderColor": "#cccccc",
      "legendBorderAlpha": "80",
      "legendBorderThickness": "1",
      "baseFontSize":"12",
      "color": "#ffffff",
      "minPlotHeightForValue": "1",
      "theme": "fusion",
      "rotateLabels":"1",
      "slantLabels":"1",
      "legendPosition": "top-right",
      "showYAxisValues": "0",
      "yAxisMaxValue": "50",
      "yAxisMinValue": "0",
      "drawCrossLine": "0",
      "plotSpacePercent":"50"
  
    },
    "categories": [
      {
        "category": [
          { "label": "ENT" }, { "label": "PED" }, { "label": "GEN" }, { "label": "MRI" }, { "label": "DER" }
          , { "label": "CAR" }, { "label": "ENT" }, { "label": "PED" }, { "label": "GEN" }, { "label": "PH1" }, { "label": "ENDO" }, { "label": "PATH" }
          , { "label": "Lab" }, { "label": "BILLING" }]
      }
    ],
    "dataset": [
      {
        "seriesname": "Wait Time",
        "valueFontColor": "#ffffff",
        "color": "#A3A1FB",
        "data": [{ "value": "50" }, { "value": "50" }, { "value": "30" }, { "value": "21" }, { "value": "40" }, { "value": "30" }, { "value": "40" }
          , { "value": "20" }, { "value": "60" }, { "value": "10" }, { "value": "45" }, { "value": "40" }, { "value": "34" }, { "value": "12" }]
      },
      {
        "seriesname": "Care Time",
        "valueFontColor": "#ffffff",
        "color": "#56D9FE",
        "data": [{ "value": "27" }, { "value": "30" }, { "value": "38" }, { "value": "13" }, { "value": "20" }, { "value": "45" }, { "value": "25" },
        { "value": "30" }, { "value": "30" }, { "value": "31" }, { "value": "25" }, { "value": "15" }, { "value": "32" }, { "value": "23" }]
      },
      {
        "seriesname": "Spare Time",
        "valueFontColor": "#ffffff",
        "color": "#FF8373",
        "data": [{ "value": "12" }, { "value": "22" }, { "value": "23" }, { "value": "32" }, { "value": "22" }, { "value": "33" }, { "value": "34" },
        { "value": "21" }, { "value": "31" }, { "value": "13" }, { "value": "13" }, { "value": "11" }, { "value": "15" }, { "value": "24" }]
      }
     
      
    ]
},
"patientCountryOrigin":{
  "chart": {
    "aligncaptionwithcanvas": "0",
    "plottooltext": "<b>$dataValue</b> $label",
    "theme": "fusion",
    "baseFont":"ROBOTO",
    "legendItemFont":"roboto",
    "legendBorderColor": "#cccccc",
    "legendBorderAlpha": "80",
    "legendBorderThickness": "1",
    "baseFontSize":"12"

  },
  "categories": [
    {
      "category": [
        {
          "label": "EMIRATI"
        },
        {
          "label": "INDIAN"
        },
        {
          "label": "SAUDI"
        },
        {
          "label": "JORDAN"
        },
        {
          "label": "KUWAIT"
        },
        {
          "label": "BRITISH"
        },
        {
          "label": "USA"
        },
        {
          "label": "CHINA"
        },
        {
          "label": "JAPAN"
        },
        {
          "label": "SOUTH KOREA"
        },
        {
          "label": "BAHRAIN"
        },
        {
          "label": "QATAR"
        },
        {
          "label": "OMAN"
        }
       
      ]
    }
  ],
  "dataset": [
    {
      "data": [
        {
          "value": "25"
        },
        {
          "value": "19"
        },
        {
          "value": "22"
        },
        {
          "value": "33"
        },
        {
          "value": "31"
        },
        {
          "value": "28"
        },
        {
          "value": "25"
        },
        {
          "value": "23"
        },
        {
          "value": "12"
        },
        {
          "value": "10"
        },
        {
          "value": "28"
        },
        {
          "value": "7"
        },
        {
          "value": "6"
        }
      
      ]
    }
  ]
},
"radiology": {
  "chart": {
    "caption": "RADIOLOGY",
    "labelFont": "Roboto",
    "baseFontSize": "12",
    "baseFont": "Roboto",
    "legendItemFont": "roboto",
    "lowerlimit": "20",
    "upperlimit": "120",
    "thmfillcolor": "#F4B016",
    "showgaugeborder": "1",
    "gaugebordercolor": "#008ee4",
    "gaugeborderthickness": "2",
    "plottooltext": "Radiology : <b>$datavalue</b> ",
    "theme": "fusion",
    "showvalue": "0",
    "captionFontSize":"15"
  },
  "value": "110"
},
"lab": {
  "chart": {
    "labelFont": "Roboto",
    "baseFontSize": "12",
    "baseFont": "Roboto",
    "legendItemFont": "roboto",
    "caption": "LAB",
    "lowerlimit": "20",
    "upperlimit": "120",
    "thmfillcolor": "#059351",
    "showgaugeborder": "1",
    "gaugebordercolor": "#008ee4",
    "gaugeborderthickness": "2",
    "plottooltext": "Lab : <b>$datavalue</b> ",
    "theme": "fusion",
    "showvalue": "0",
    "captionFontSize":"15"
  },
  "value": "40"
},
"pharmacy": {
  "chart": {
    "labelFont": "Roboto",
    "baseFontSize": "12",
    "baseFont": "Roboto",
    "legendItemFont": "roboto",
    "caption": "PHARMACY",
    "lowerlimit": "20",
    "upperlimit": "120",
    "thmfillcolor": "#0DA7E0",
    "showgaugeborder": "1",
    "gaugebordercolor": "#008ee4",
    "gaugeborderthickness": "2",
    "plottooltext": "Pharmacy : <b>$datavalue</b> ",
    "theme": "fusion",
    "showvalue": "0",
    "captionFontSize":"15"
  },
  "value": "70"
},
"billing": {
  "chart": {
    "labelFont": "Roboto",
    "baseFontSize": "12",
    "baseFont": "Roboto",
    "legendItemFont": "roboto",
    "caption": "BILLING",
    "lowerlimit": "20",
    "upperlimit": "120",
    "thmfillcolor": "#F76E31",
    "showgaugeborder": "1",
    "gaugebordercolor": "#008ee4",
    "gaugeborderthickness": "2",
    "plottooltext": "Billing : <b>$datavalue</b> ",
    "theme": "fusion",
    "showvalue": "0",
    "captionFontSize":"15"
  },
  "value": "10"
}
}