{
    "influxofPatients":{
        "chart": {
            "showhovereffect": "1",
            "drawverticaljoints": "1",
            "useforwardsteps": "1",
            "canvaspadding": "5",
            "plottooltext": "Influx of Patients on $label was <b>$datavalue</b>",
            "theme": "fusion",
            "rotateLabels": "1",
            "slantLabels": "1",
            "showTooltip": "1"
          },
          "categories": [
            {
              "category": [
                { "label": "Day1" }, { "label": "Day2" }, { "label": "Day3" }, { "label": "Day4" }, { "label": "Day5" },
                { "label": "Day6" }, { "label": "Day7" }, { "label": "Day8" }, { "label": "Day9" }, { "label": "Day10" },
                { "label": "Day11" }, { "label": "Day12" }, { "label": "Day13" }, { "label": "Day14" }, { "label": "Day15" },
                { "label": "Day16" }, { "label": "Day17" }, { "label": "Day18" }, { "label": "Day19" }, { "label": "Day20" },
                { "label": "Day21" }, { "label": "Day22" }, { "label": "Day23" }, { "label": "Day24" }, { "label": "Day25" },
                { "label": "Day26" }, { "label": "Day27" }, { "label": "Day28" }, { "label": "Day29" }, { "label": "Day30" }
        
        
              ]
            }
          ],
          "dataset": [
            {
              "linethickness": "3",
              "data": [
                { "value": "300" }, { "value": "250" }, { "value": "500" }, { "value": "320" }, { "value": "320" }, { "value": "400" },
                { "value": "400" }, { "value": "300" }, { "value": "300" }, { "value": "380" }, { "value": "480" }, { "value": "500" },
                { "value": "500" }, { "value": "520" }, { "value": "300" }, { "value": "350" }, { "value": "280" }, { "value": "300" },
                { "value": "200" }, { "value": "280" }, { "value": "380" }, { "value": "310" }, { "value": "380" }, { "value": "350" },
                { "value": "350" }, { "value": "320" }, { "value": "400" }, { "value": "370" }, { "value": "360" }, { "value": "450" }
        
              ]
            }
          ]
    },
    "inflowOfPatientsbyDept":{
        "chart": {
            "xaxisname": "Departments",
            "yaxisname": "Count",
            "rotateLabels":"1",
            "slantLabels":"1",
            "theme": "fusion",
            "scrollheight": "10",
            "numvisibleplot": "15",
            "showanchors": "1",
            "yAxisMaxValue": "100",
            "legendPosition": "top-right",
            "legendBorderAlpha": "80",
            "legendBorderColor": "#CCCCCC",
            "legendBorderThickness": "1",
            "baseFont": "Roboto",
            "legendItemFont": "Roboto"
          },
          "categories": [
            {
              "category": [
                { "label": "Endocrinology" }, { "label": "Dental" }, { "label": "Neurology" }, { "label": "Dermatalogy" }, { "label": "Obstetrics" }, { "label": "Surgical" },
                { "label": "Gynecology" }, { "label": "Ophthalmology" }, { "label": "Orthopaedic" }, { "label": "Pathology" }, { "label": "Pediatrics" }, { "label": "Oncology" },
                { "label": "Urology" }, { "label": "Biobehavioral Sciences" }, { "label": "Psychiatry" }, { "label": "Rehabilitation" }, { "label": "Rheumatology" }, { "label": "Maternity" }
        
        
              ]
            }
          ],
          "dataset": [
            {
              "seriesname": "Avg. Department Cepacity",
              "color": "#00B9BF",
              "data": [
                { "value": "56" }, { "value": "30" }, { "value": "25" }, { "value": "35" }, { "value": "20" }, { "value": "50" },
                { "value": "90" }, { "value": "45" }, { "value": "40" }, { "value": "25" }, { "value": "100" }, { "value": "30" },
                { "value": "40" }, { "value": "10" }, { "value": "35" }, { "value": "35" }, { "value": "25" }, { "value": "35" }
        
              ]
            },
            {
              "seriesname": "Predicted Count",
              "renderas": "line",
              "color": "#5962B4",
              "data": [
                { "value": "50" }, { "value": "40" }, { "value": "25" }, { "value": "30" }, { "value": "30" }, { "value": "35" },
                { "value": "85" }, { "value": "35" }, { "value": "25" }, { "value": "20" }, { "value": "80" }, { "value": "25" },
                { "value": "50" }, { "value": "15" }, { "value": "30" }, { "value": "30" }, { "value": "45" }, { "value": "30" }
              ]
            }
            
          ]
    },
    "upcomingTopServices":{
        "chart": {
            "showplotborder": "1",
            "theme": "fusion",
            "textOutline": "0",
            "valueFontColor": "#ffffff"
            
          },
          "data": [
            {
              "id": "0.0",
              "parent": "",
              "name": "Facility",
              "value": 773
            },
            {
              "id": "1.1",
              "parent": "0.0",
              "name": "Departments",
              "value": 450
            },
            {
              "id": "1.3",
              "parent": "0.0",
              "name": "Radiology",
              "value": 125
            },
            {
              "id": "1.2",
              "parent": "0.0",
              "name": "Pharmacy",
              "value": 100
            },
            {
              "id": "1.4",
              "parent": "0.0",
              "name": "Lab",
              "value": 74
            },
            {
              "id": "1.5",
              "parent": "0.0",
              "name": "Admin",
              "value": 24
            },
            {
              "id": "2.1",
              "parent": "1.1",
              "name": "Gynacology",
              "value": 90
            },
            {
              "id": "2.5",
              "parent": "1.1",
              "name": "Cardiology",
              "value": 80
            },
            {
              "id": "2.3",
              "parent": "1.1",
              "name": "Orthopedic",
              "value": 80
            },
            {
              "id": "2.2",
              "parent": "1.1",
              "name": "Dental",
              "value": 100
            },
            {
              "id": "2.4",
              "parent": "1.1",
              "name": "Endocrinology",
              "value": 100
            },
        
            {
              "id": "2.9",
              "parent": "1.2",
              "name": "West",
              "value": 25
            },
            {
              "id": "2.8",
              "parent": "1.2",
              "name": "South",
              "value": 25
            },
            {
              "id": "2.7",
              "parent": "1.2",
              "name": "East",
              "value": 25
            },
        
            {
              "id": "2.6",
              "parent": "1.2",
              "name": "South-West",
              "value": 25
            },
            {
              "id": "2.13",
              "parent": "1.3",
              "name": "X-Ray",
              "value": 50
            },
            {
              "id": "2.11",
              "parent": "1.3",
              "name": "CT Scan",
              "value": 25
            },
            {
              "id": "2.12",
              "parent": "1.3",
              "name": "UltraSound",
              "value": 15
            },
            {
              "id": "2.14",
              "parent": "1.3",
              "name": "MRI",
              "value": 30
            },
            {
              "id": "2.10",
              "parent": "1.3",
              "name": "Ductogram",
              "value": 30
            },
            {
              "id": "2.15",
              "parent": "1.4",
              "name": "ANA",
              "value": 29
            },
            {
              "id": "2.16",
              "parent": "1.4",
              "name": "BMP",
              "value": 10
            },
            {
              "id": "2.17",
              "parent": "1.4",
              "name": "CBC",
              "value": 15
            },
            {
              "id": "2.18",
              "parent": "1.4",
              "name": "TSH",
              "value": 30
            },
            {
              "id": "2.19",
              "parent": "1.5",
              "name": "Billing",
              "value": 24
            }
          ],
          "styles": {
            "definition": [
              {
                "name": "myHTMLFont",
                "type": "font",
                "ishtml": "1"
              }
            ],
            "application": [
              {
                "toobject": "TOOLTIP",
                "styles": "myHTMLFont"
              }
            ]
          },
          "clinicalCareLoad":{
            "chart": {
                "baseFontSize": "12",
                "baseFont": "ROBOTO",
                "legendItemFont": "roboto",
                "lowerlimit": "0",
                "upperlimit": "100",
                "theme": "fusion",
                "showtooltip": "0",
                "showTickMarks": 0,
                "showTickValues": 1,
                "majorTMHeight": 0,
                "majorTMThickness": 0,
                "chartBottomMargin": "30",
                "showValue": "1",
                "numbersuffix": "%"
              },
              "annotations": {
                "groups": [{
                  "items": [
                    {
                      "type": "text",
                      "text": "75%",
                      "align": "center",
                      "bold": "1",
                      "fontSize": "45",
                      "color": "#5F5E6A",
                      "x": "$chartcenterX",
                      "y": "180"
                    }
                  ]
                }]
              },
              "colorrange": {
                "color": [
                  {
                    "minValue": "0",
                    "maxValue": "50",
                    "code": "#62B58F"
            
                  },
                  {
                    "minValue": "50",
                    "maxValue": "70",
                    "code": "#FFC533"
                  },
                  {
                    "minValue": "70",
                    "maxValue": "100",
                    "code": "#F2726F"
            
                  }
                ]
              },
              "dials": {
                "dial": [
                  {
                    "value": "75",
                    "showValue": 0
                  }
                ]
              }
          }
    },
    "pharmacyCareLoad":{
        "chart": {
            "baseFontSize": "12",
            "baseFont": "ROBOTO",
            "legendItemFont": "roboto",
            "lowerlimit": "0",
            "upperlimit": "100",
            "theme": "fusion",
            "showtooltip": "0",
            "showTickMarks": 0,
            "showTickValues": 1,
            "majorTMHeight": 0,
            "majorTMThickness": 0,
            "chartBottomMargin": "30",
            "showvalue": "1",
            "numbersuffix": "%"
          },
          "annotations": {
            "groups": [{
              "items": [
                {
                  "type": "text",
                  "text": "81%",
                  "align": "center",
                  "bold": "1",
                  "fontSize": "45",
                  "color": "#5F5E6A",
                  "x": "$chartcenterX",
                  "y": "180"
                }
              ]
            }]
          },
          "colorrange": {
            "color": [
              {
                "minValue": "0",
                "maxValue": "50",
                "code": "#62B58F"
        
              },
              {
                "minValue": "50",
                "maxValue": "70",
                "code": "#FFC533"
              },
              {
                "minValue": "70",
                "maxValue": "100",
                "code": "#F2726F"
        
              }
            ]
          },
          "dials": {
            "dial": [
              {
                "value": "60",
                "showValue": 0
              }
            ]
          }
    },
    "labCareLoad":{
        "chart": {
            "baseFontSize": "12",
            "baseFont": "ROBOTO",
            "legendItemFont": "roboto",
            "lowerlimit": "0",
            "upperlimit": "100",
            "theme": "fusion",
            "showtooltip": "0",
            "showTickMarks": 0,
            "showTickValues": 1,
            "majorTMHeight": 0,
            "majorTMThickness": 0,
            "chartBottomMargin": "30",
            "showvalue": "1",
            "pivotFillAlpha": 0,
            "gaugeFillMix": "{light+0}",
            "majortmnumber": 10
        
        
          },
          "annotations": {
            "groups": [{
              "items": [
                {
                  "type": "text",
                  "text": "77%",
                  "align": "center",
                  "bold": "1",
                  "fontSize": "45",
                  "color": "#5F5E6A",
                  "x": "$chartcenterX",
                  "y": "180"
                }
              ]
            }]
          },
          "colorrange": {
            "color": [
              {
                "minvalue": "0",
                "maxvalue": 77,
                "code": "#16E1E8"
              },
              {
                "minvalue": 77,
                "maxvalue": 100,
                "code": "#EFF2F9"
              }
            ]
          },
          "dials": {
            "dial": [
              {
                "alpha": "0",
                "borderAlpha": "0",
                "radius": "0",
                "baseRadius": "0",
                "rearExtension": "0",
                "baseWidth": "0",
                "showvalue": "0"
              }
            ]
          }
    },
    "radiologyCareLoad":{
        "chart": {
            "baseFontSize": "12",
            "baseFont": "ROBOTO",
            "legendItemFont": "roboto",
            "lowerlimit": "0",
            "upperlimit": "100",
            "theme": "fusion",
            "showtooltip": "0",
            "showTickMarks": 0,
            "showTickValues": 1,
            "majorTMHeight": 0,
            "majorTMThickness": 0,
            "chartBottomMargin": "30",
            "showvalue": "1",
            "pivotFillAlpha": 0,
            "gaugeFillMix": "{light+0}",
            "majortmnumber": 10
        
        
          },
          "annotations": {
            "groups": [{
              "items": [
                {
                  "type": "text",
                  "text": "54%",
                  "align": "center",
                  "bold": "1",
                  "fontSize": "45",
                  "color": "#5F5E6A",
                  "x": "$chartcenterX",
                  "y": "180"
                }
              ]
            }]
          },
          "colorrange": {
            "color": [
              {
                "minvalue": "0",
                "maxvalue": 54,
                "code": "#FAC646"
              },
              {
                "minvalue": 54,
                "maxvalue": 100,
                "code": "#EFF2F9"
              }
            ]
          },
          "dials": {
            "dial": [
              {
                "alpha": "0",
                "borderAlpha": "0",
                "radius": "0",
                "baseRadius": "0",
                "rearExtension": "0",
                "baseWidth": "0",
                "showvalue": "0"
              }
            ]
          }
    },
    "patientsbyDept":{
        "chart": {
            "baseFont": "ROBOTO",
            "legendItemFont": "roboto",
            "legendBorderColor": "#cccccc",
            "legendBorderAlpha": "80",
            "legendBorderThickness": "1",
            "baseFontSize": "12",
            
            "color": "#ffffff",
            "minPlotHeightForvalue": "1",
            "theme": "fusion",
            "legendPosition": "top-right",
            "showYAxisValues": "0",
            "yAxisMaxValue": "50",
           "yAxisMinValue": "0",
            "drawCrossLine": 0,
            "rotateLabels":"1",
            "slantLabels":"1"
        
          },
          "categories": [
            {
              "category": [
                { "label": "ENT" }, { "label": "PED" }, { "label": "GEN" }, { "label": "ORTHO" }, { "label": "DER" }
                , { "label": "CAR" }, { "label": "OPTHA" }, { "label": "REHAB" }, { "label": "PED" }, { "label": "ONCO" }, { "label": "ENDO" }, { "label": "PATH" }
                , { "label": "CANCER" }, { "label": "BARIA" }]
            }
          ],
          "dataset": [
            {
              "seriesname": "Appointments",
              "valueFontColor": "#ffffff",
              "color": "#5C4B94",
              "data": [{ "value": "110" }, { "value": "50" }, { "value": "125" }, { "value": "60" }, { "value": "140" }, { "value": "80" }, { "value": "40" }
                , { "value": "150" }, { "value": "60" }, { "value": "100" }, { "value": "45" }, { "value": "40" }, { "value": "55" }, { "value": "45" }]
            },
            {
              "seriesname": "CheckIns",
              "valueFontColor": "#ffffff",
              "color": "#A691E9",
              "data": [{ "value": "70" }, { "value": "30" }, { "value": "85" }, { "value": "42" }, { "value": "105" }, { "value": "45" }, { "value": "25" },
              { "value": "100" }, { "value": "30" }, { "value": "45" }, { "value": "25" }, { "value": "15" }, { "value": "20" }, { "value": "12" }]
            },
            {
              "seriesname": "No-Show",
              "valueFontColor": "#ffffff",
              "color": "#FF8373",
              "data": [{ "value": "10" }, { "value": "3" }, { "value": "15" }, { "value": "11" }, { "value": "13" }, { "value": "6" }, { "value": "5" },
              { "value": "20" }, { "value": "" }, { "value": "25" }, { "value": "9" }, { "value": "7" }, { "value": "10" }, { "value": "8" }]
            },
            {
              "seriesname": "Early Arrival",
              "valueFontColor": "#ffffff",
              "color": "#2CA02C",
              "data": [{ "value": "15" }, { "value": "7" }, { "value": "10" }, { "value": "5" }, { "value": "10" }, { "value": "9" }, { "value": "" },
              { "value": "20" }, { "value": "8" }, { "value": "13" }, { "value": "6" }, { "value": "9" }, { "value": "10" }, { "value": "13" }]
            },
            {
              "seriesname": "Late Arrival",
              "valueFontColor": "#ffffff",
              "color": "#E6BD4E",
              "data": [{ "value": "15" }, { "value": "10" }, { "value": "15" }, { "value": "2" }, { "value": "12" }, { "value": "20" }, { "value": "10" },
              { "value": "10" }, { "value": "22" }, { "value": "17" }, { "value": "5" }, { "value": "9" }, { "value": "15" }, { "value": "12" }]
            }
          ]
    },
    "clinicalCareLoad":{
        "chart": {
            "baseFontSize": "12",
            "baseFont": "ROBOTO",
            "legendItemFont": "roboto",
            "lowerlimit": "0",
            "upperlimit": "100",
            "theme": "fusion",
            "showtooltip": "0",
            "showTickMarks": 0,
            "showTickValues": 1,
            "majorTMHeight": 0,
            "majorTMThickness": 0,
            "chartBottomMargin": "30",
            "showvalue": "1",
            "numbersuffix": "%"
          },
          "annotations": {
            "groups": [{
              "items": [
                {
                  "type": "text",
                  "text": "74%",
                  "align": "center",
                  "bold": "1",
                  "fontSize": "45",
                  "color": "#5F5E6A",
                  "x": "$chartcenterX",
                  "y": "180"
                }
              ]
            }]
          },
          "colorrange": {
            "color": [
              {
                "minValue": "0",
                "maxValue": "50",
                "code": "#62B58F"
        
              },
              {
                "minValue": "50",
                "maxValue": "70",
                "code": "#FFC533"
              },
              {
                "minValue": "70",
                "maxValue": "100",
                "code": "#F2726F"
        
              }
            ]
          },
          "dials": {
            "dial": [
              {
                "value": "74",
                "showValue": 0
              }
            ]
          }
    }
}